BoilerID,BoilerType,Capacity,ImprovementTech,LifeTime,FuelName,FuelType,Burner,steam_productivity_bef,steam_pressure_bef,feedwater_rate_bef,feedwater_temp_bef,TDS_feed_bef,TDS_blowdown_bef,blowdown_bef,steam_productivity_aft,steam_pressure_aft,feedwater_rate_aft,feedwater_temp_aft,TDS_feed_aft,TDS_blowdown_aft,blowdown_aft,FuelFlowRate_bef[kg/hr],HHV_DB_bef[kJ/kg],L1LHV_bef,L2LHV_bef,L3LHV_bef,L4LHV_bef,L5LHV_bef,L6LHV_bef,L1HHV_bef,L2HHV_bef,L3HHV_bef,L4HHV_bef,L5HHV_bef,L6HHV_bef,FuelFlowRate_pot[kg/hr],HHV_DB_pot[kJ/kg],L1LHV_pot,L2LHV_pot,L3LHV_pot,L4LHV_pot,L5LHV_pot,L6LHV_pot,L1HHV_pot,L2HHV_pot,L3HHV_pot,L4HHV_pot,L5HHV_pot,L6HHV_pot,FuelFlowRate_aft[kg/hr],HHV_DB_aft[kJ/kg],L1LHV_aft,L2LHV_aft,L3LHV_aft,L4LHV_aft,L5LHV_aft,L6LHV_aft,L1HHV_aft,L2HHV_aft,L3HHV_aft,L4HHV_aft,L5HHV_aft,L6HHV_aft,me_o2_bef,me_tg_bef,me_co_bef,me_o2_aft,me_tg_aft,me_co_aft,L1_toe_pot,L2_toe_pot,L3_toe_pot,L4_toe_pot,L5_toe_pot,L6_toe_pot,L1_save_pot,L2_save_pot,L3_save_pot,L4_save_pot,L5_save_pot,L6_save_pot,L1_inv_pot,L2_inv_pot,L3_inv_pot,L4_inv_pot,L5_inv_pot,L6_inv_pot,L1_toe_aft,L2_toe_aft,L3_toe_aft,L4_toe_aft,L5_toe_aft,L6_toe_aft,L1_save_aft,L2_save_aft,L3_save_aft,L4_save_aft,L5_save_aft,L6_save_aft,L1_inv_aft,L2_inv_aft,L3_inv_aft,L4_inv_aft,L5_inv_aft,L6_inv_aft,s2_fueltype,s2_fts_bef,s2_qts_bef,s2_qtstoe_bef,s2_cts_bef,s2_c_bef,s2_pb_bef,s2_fts_aft,s2_qts_aft,s2_qtstoe_aft,s2_cts_aft,s2_c_aft,s2_pb_aft,s8_fueltype,s8_fts_bef,s8_qts_bef,s8_qtstoe_bef,s8_cts_bef,s8_c_bef,s8_pb_bef,s8_fts_aft,s8_qts_aft,s8_qtstoe_aft,s8_cts_aft,s8_c_aft,s8_pb_aft,s9_fueltype,s9_fts_bef,s9_qts_bef,s9_qtstoe_bef,s9_cts_bef,s9_c_bef,s9_pb_bef,s9_fts_aft,s9_qts_aft,s9_qtstoe_aft,s9_cts_aft,s9_c_aft,s9_pb_aft,IndirectEFF_LHV_bef_[%],IndirectEFF_HHV_bef_[%],IndirectEFF_LHV_pot_[%],IndirectEFF_HHV_pot_[%],IndirectEFF_LHV_aft_[%],IndirectEFF_HHV_aft_[%]
10621-0019-1,water tube,4.0,,10.0,แกลบ,Solid,  overfeed stoker (Fixed/Inclined Grate) - Auto Feed,,14.51,3950.00,74.00,34.30,994.00,136.30,,11.00,3910.00,91.00,14.96,1392.00,136.30,790.00,17156.17,12.93,0.0,0.04,1.62,0.91,0.63,20.68,0.0,0.04,1.52,0.85,0.59,790.00,17156.17,10.49,0.0,0.03,1.62,0.91,0.17,18.38,0.0,0.03,1.52,0.85,0.16,900.00,17156.16,12.24,0.0,0.02,1.62,0.63,0.43,20.03,0.0,0.02,1.52,0.59,0.41,10.60,222.10,82.00,9.90,222.70,56.30,27.32,0.00,0.11,0.00,0.00,5.15,117255.86000000002,0.00,480.56,0.00,0.00,22105.62,0.00,0.00,0.00,0.00,0.00,0.00,7.84,0.00,0.23,0.00,3.18,2.27,33644.17,0.00,975.19,0.00,13652.71,9751.93,0.00,0.00,0.00,0.00,0.00,0.00,,0.00,0.0,0.00,0.00,0.00,0.00,0.00,0.0,0.00,0.00,0.00,0.00,,0.00,0.0,0.00,0.00,0.00,0.00,0.00,0.0,0.00,0.00,0.00,0.00,,0.00,0.0,0.00,0.00,0.00,0.00,0.00,0.0,0.00,0.00,0.00,0.00,83.86999999999999,76.32,86.78,79.06000000000002,85.06,77.43
10132-0005-1,fire tube,3.0,"Economizer, นำคอนเดนเสทกลับมาใช้",15.0,LPG,Gas, แบบผสมกันภายในหัวเผา (Nozzle-mix burner) ,892.06,9.50,892.06,96.27,7.14,100.17,63.58,1220.47,8.50,1348.20,92.00,382.00,4032.00,127.73,46.50,50150.00,12.65,0.0,0.02,0.0,1.31,1.03,19.78,0.0,0.02,0.0,1.2,0.95,46.50,50150.00,9.86,0.0,0.01,0.0,1.31,0.02,17.22,0.0,0.01,0.0,1.2,0.02,67.56,50150.00,9.2,0.0,0.0,0.0,1.38,1.42,16.61,0.0,0.0,0.0,1.27,1.3,7.10,246.40,48.00,3.50,223.60,25.00,13.45,0.00,0.05,0.00,0.00,4.87,273249.12,0.00,979.39,0.00,0.00,98918.16,0.00,0.00,0.00,0.00,0.00,0.00,16.78,0.00,0.10,0.00,-0.34,-1.90,340957.99,0.00,1976.57,0.00,-6917.99,-38543.09,0.00,0.00,0.00,0.00,0.00,0.00,,0.00,0.0,0.00,0.00,0.00,0.00,0.00,0.0,0.00,0.00,0.00,0.00,,0.00,0.0,0.00,0.00,0.00,0.00,0.00,0.0,0.00,0.00,0.00,0.00,,0.00,0.0,0.00,0.00,0.00,0.00,0.00,0.0,0.00,0.00,0.00,0.00,84.99,78.05,88.8,81.55,88.0,80.82000000000001
10120-0017-1,fire tube,12.0,นำคอนเดนเสทกลับมาใช้,19.0,LPG,Gas, แบบผสมเชื้อเพลิงกับอากาศก่อนป้อนเข้าเผาไหม้ (Pre-mix Burner) ,3600.00,8.30,,102.86,463.00,4098.00,704.00,3600.00,8.30,,102.86,463.00,4098.00,704.00,196.97,50150.00,8.73,0.0,0.0,0.0,0.68,2.3,16.18,0.0,0.0,0.0,0.63,2.11,196.97,50150.00,7.16,0.0,0.0,0.0,0.33,1.68,14.73,0.0,0.0,0.0,0.3,1.54,196.97,50150.00,8.73,0.0,0.0,0.0,0.68,2.3,16.18,0.0,0.0,0.0,0.63,2.11,5.86,194.84,0.00,5.86,194.84,0.00,36.91,0.00,0.00,0.00,8.23,14.58,663957.1900000002,0.00,0.00,0.00,148015.96,262199.70,30000.00,0.00,0.00,0.00,0.00,0.00,0.00,0.00,0.00,0.00,0.00,0.00,0.00,0.00,0.00,0.00,0.00,0.00,0.00,0.00,0.00,0.00,0.00,0.00,,0.00,0.0,0.00,0.00,"5,000.00","5,000.00",0.00,0.0,0.00,0.00,0.00,0.00,,"21,302.32",0.847,20.05,"244,976.68","400,000.00",1.63,"-45,378.56",-0.001,-42.73,"-521,853.44",0.00,0.00,,"142,850.76",0.005,139.59,"1,999,910.64","3,000,000.00",1.50,"500,000.00",0.02,488.59,"7,000,000.00",0.00,0.00,88.28999999999999,81.08,90.83,83.42999999999999,88.28999999999999,81.08
30911-0005-1,once through,1.0,นำคอนเดนเสทกลับมาใช้,11.0,LPG,Gas, แบบผสมเชื้อเพลิงกับอากาศก่อนป้อนเข้าเผาไหม้ (Pre-mix Burner) ,341.41,7.01,362.50,60.00,96.00,1650.00,21.09,,7.01,362.50,60.00,96.00,1650.00,21.09,19.95,50150.00,8.84,0.0,0.02,0.0,0.35,0.56,16.28,0.0,0.01,0.0,0.32,0.52,19.95,50150.00,6.19,0.0,0.01,0.0,0.35,0.26,13.84,0.0,0.01,0.0,0.32,0.24,19.95,50150.00,8.95,0.0,0.02,0.0,0.35,0.56,16.37,0.0,0.01,0.0,0.32,0.52,5.00,203.60,50.00,5.00,203.60,50.00,3.5300000000000002,0.00,0.01,0.00,0.00,0.40,62895.07000000001,0.00,237.34,0.00,0.00,7120.22,0.00,0.00,0.00,0.00,0.00,0.00,-0.169999999999999,0.00,0.00,0.00,0.00,0.00,-2881.0999999999985,0.00,0.00,0.00,0.00,0.00,0.00,0.00,0.00,0.00,0.00,0.00,,0.00,0.0,0.00,0.00,0.00,0.00,0.00,0.0,0.00,0.00,0.00,0.00,,0.00,0.0,0.00,0.00,0.00,0.00,0.00,0.0,0.00,0.00,0.00,0.00,,0.00,0.0,0.00,0.00,0.00,0.00,0.00,0.0,0.00,0.00,0.00,0.00,90.23,82.87,93.19,85.59,90.12,82.78
13132-1001-1,fire tube,12.0,นำคอนเดนเสทกลับมาใช้,20.0,กะลาปาล์ม,Solid,  overfeed stoker (Traveling Grate) - Auto Feed,2690.24,8.50,2666.50,71.00,26.24,1188.50,58.87,2624.83,8.20,2655.76,72.00,41.00,3520.00,30.93,682.66,17408.09,23.3,0.0,0.2,0.2,0.99,0.28,32.98,0.0,0.19,0.19,0.93,0.26,682.66,17408.09,15.21,0.0,0.13,0.2,0.99,0.16,25.37,0.0,0.12,0.19,0.93,0.15,538.33,17408.09,20.38,0.0,0.18,0.2,1.13,0.18,30.23,0.0,0.17,0.19,1.06,0.17,14.60,171.00,145.00,14.00,167.20,140.00,123.59,0.00,1.07,0.00,0.00,1.83,996887.3600000001,0.00,8625.73,0.00,0.00,14786.96,0.00,0.00,0.00,0.00,0.00,0.00,47.71,0.00,0.33,0.00,-2.29,1.63,384863.25,0.00,2636.05,0.00,-18452.35,13180.25,0.00,0.00,0.00,0.00,0.00,0.00,,0.00,0.0,0.00,0.00,0.00,0.00,0.00,0.0,0.00,0.00,0.00,0.00,,0.00,0.0,0.00,0.00,0.00,0.00,0.00,0.0,0.00,0.00,0.00,0.00,,0.00,0.0,0.00,0.00,0.00,0.00,0.00,0.0,0.00,0.00,0.00,0.00,75.03,65.45,83.31,73.23999999999998,77.92999999999999,68.17999999999999
10420-1002-1,water tube,35.0,"Air Heater, นำคอนเดนเสทกลับมาใช้",14.0,ทะลายปาล์ม/เส้นใยปาล์ม,Solid,  overfeed stoker (Fixed/Inclined Grate) - Auto Feed,22780.00,30.00,20000.00,105.00,120.00,1350.00,2044.44,20182.91,30.00,20490.00,105.00,36.00,2402.00,307.09,10168.00,16224.10,57.85,0.0,0.49,0.0,0.83,0.76,61.34,0.0,0.45,0.0,0.76,0.7,10168.00,16224.10,16.13,0.0,0.13,0.0,0.1,0.29,23.07,0.0,0.12,0.0,0.1,0.27,11070.00,16224.10,24.04,0.0,0.19,0.0,0.76,0.08,30.32,0.0,0.18,0.0,0.7,0.08,18.60,189.00,151.66,15.00,189.00,151.66,8275.93,0.00,71.41,0.00,144.81,93.23,58725761.199999996,0.00,506741.95,0.00,1027560.06,661579.76,250000.00,0.00,0.00,0.00,350000.00,0.00,-224.69999999999982,0.00,66.20,0.00,15.45,150.05,52941277.55999999,0.00,469754.02,0.00,109609.27,1064775.77,0.00,0.00,0.00,0.00,0.00,0.00,,0.00,0.0,0.00,0.00,0.00,0.00,0.00,0.0,0.00,0.00,0.00,0.00,,0.00,0.0,0.00,0.00,0.00,0.00,0.00,0.0,0.00,0.00,0.00,0.00,,0.00,0.0,0.00,0.00,0.00,0.00,0.00,0.0,0.00,0.00,0.00,0.00,40.07,36.74999999999999,83.35000000000001,76.44000000000001,74.93,68.72
10802-1021-2,hybrid,20.0,"Economizer, นำคอนเดนเสทกลับมาใช้",4.0,ถ่านหิน,Solid,  overfeed stoker (Step/pushing/dumping Grate Stoker),10364.60,8.48,10652.62,97.90,150.00,1595.00,288.00,10365.00,8.48,10652.62,97.90,150.00,1595.00,288.00,1503.00,28508.00,14.89,0.0,0.07,0.8,0.22,0.3,21.52,0.0,0.06,0.78,0.21,0.29,1503.00,28508.00,10.11,0.0,0.05,0.8,0.22,0.3,16.88,0.0,0.05,0.78,0.21,0.29,1503.00,28508.00,14.89,0.0,0.07,0.8,0.22,0.3,21.52,0.0,0.06,0.78,0.21,0.29,10.72,205.82,98.99,10.72,205.80,98.99,217.81,0.00,0.91,0.00,0.00,0.00,1638520.97,0.00,6855.74,0.00,0.00,0.00,3000000.00,0.00,0.00,0.00,0.00,0.00,0.00,0.00,0.00,0.00,0.00,0.00,0.00,0.00,0.00,0.00,0.00,0.00,0.00,0.00,0.00,0.00,0.00,0.00,,0.00,0.0,0.00,0.00,0.00,0.00,0.00,0.0,0.00,0.00,0.00,0.00,,0.00,0.0,0.00,0.00,0.00,0.00,0.00,0.0,0.00,0.00,0.00,0.00,,0.00,0.0,0.00,0.00,0.00,0.00,0.00,0.0,0.00,0.00,0.00,0.00,83.72000000000001,77.14,88.52000000000001,81.79,83.72000000000001,77.14
13113-0013-1,once through,6.0,Economizer,1.0,ก๊าซธรรมชาติ,Gas, แบบผสมกันภายในหัวเผา (Nozzle-mix burner) ,3858.33,18.78,3901.02,40.90,20.25,958.00,42.69,3858.33,18.78,3901.02,40.90,20.25,958.00,42.69,245.88,49989.00,3.07,0.0,0.0,0.0,0.09,0.28,13.97,0.0,0.0,0.0,0.08,0.25,245.88,49989.00,2.93,0.0,0.0,0.0,0.09,0.28,13.85,0.0,0.0,0.0,0.08,0.25,245.87,49989.00,3.07,0.0,0.0,0.0,0.09,0.28,13.97,0.0,0.0,0.0,0.08,0.25,4.80,84.81,2.29,4.80,84.81,2.29,5.03,0.00,0.00,0.00,0.00,0.00,63542.49,0.00,0.00,0.00,0.00,0.00,0.00,0.00,0.00,0.00,0.00,0.00,0.00,0.00,0.00,0.00,0.00,0.00,0.00,0.00,0.00,0.00,0.00,0.00,0.00,0.00,0.00,0.00,0.00,0.00,,0.00,0.0,0.00,0.00,0.00,0.00,0.00,0.0,0.00,0.00,0.00,0.00,,0.00,0.0,0.00,0.00,0.00,0.00,0.00,0.0,0.00,0.00,0.00,0.00,,0.00,0.0,0.00,0.00,0.00,0.00,0.00,0.0,0.00,0.00,0.00,0.00,96.56,85.7,96.69999999999999,85.82000000000001,96.56,85.7
13113-0013-2,once through,6.0,Economizer,1.0,ก๊าซธรรมชาติ,Gas, แบบผสมกันภายในหัวเผา (Nozzle-mix burner) ,3320.39,18.55,3416.17,41.00,20.25,1740.00,95.80,3320.37,18.55,3416.17,41.00,20.25,1740.00,95.80,218.48,49989.00,3.09,0.0,0.0,0.0,0.11,0.71,13.99,0.0,0.0,0.0,0.1,0.63,218.48,49989.00,3.09,0.0,0.0,0.0,0.11,0.71,13.99,0.0,0.0,0.0,0.1,0.63,218.47,49989.00,3.09,0.0,0.0,0.0,0.11,0.71,13.99,0.0,0.0,0.0,0.1,0.63,4.62,85.58,1.80,4.62,85.58,1.80,0.00,0.00,0.00,0.00,0.00,0.00,0.00,0.00,0.00,0.00,0.00,0.00,0.00,0.00,0.00,0.00,0.00,0.00,0.00,0.00,0.00,0.00,0.00,0.00,0.00,0.00,0.00,0.00,0.00,0.00,0.00,0.00,0.00,0.00,0.00,0.00,,0.00,0.0,0.00,0.00,0.00,0.00,0.00,0.0,0.00,0.00,0.00,0.00,,0.00,0.0,0.00,0.00,0.00,0.00,0.00,0.0,0.00,0.00,0.00,0.00,,0.00,0.0,0.00,0.00,0.00,0.00,0.00,0.0,0.00,0.00,0.00,0.00,96.09,85.28000000000002,96.09,85.28000000000002,96.09,85.28000000000002
11011-0013-2,fire tube,10.6,นำคอนเดนเสทกลับมาใช้,34.0,Use oil,Liquid,แบบใช้ความดันน้ำมัน (Pressure Atomized)  ,2063.68,7.00,2262.04,104.00,11.00,1596.00,15.59,,7.01,2500.00,105.00,13.00,2650.00,12.26,145.96,41499.56,8.5,0.0,0.09,0.0,1.84,0.06,13.7,0.0,0.09,0.0,1.73,0.06,145.96,41499.56,6.99,0.0,0.0,0.0,0.75,0.03,12.28,0.0,0.0,0.0,0.71,0.02,164.00,41499.56,6.48,0.0,0.0,0.0,0.67,0.04,11.8,0.0,0.0,0.0,0.63,0.04,3.90,208.30,249.00,2.50,179.50,20.00,15.009999999999996,0.00,0.89,0.00,10.84,0.30,162058.99000000005,0.00,9659.15,0.00,116983.04,3219.72,0.00,0.00,0.00,0.00,5000.00,0.00,19.979999999999993,0.00,0.89,0.00,11.58,0.20,215766.36,0.00,9613.35,0.00,124973.59,2136.30,0.00,0.00,0.00,0.00,0.00,0.00,,0.00,0.0,0.00,0.00,0.00,0.00,0.00,0.0,0.00,0.00,0.00,0.00,,0.00,0.0,0.00,0.00,0.00,0.00,0.00,0.0,0.00,0.00,0.00,0.00,,0.00,0.0,0.00,0.00,0.00,0.00,0.00,0.0,0.00,0.00,0.00,0.00,89.50999999999999,84.41999999999999,92.23,86.99000000000001,92.80999999999999,87.53
11011-0013-3,fire tube,3.9,นำคอนเดนเสทกลับมาใช้,34.0,ฺBiogas,Gas, แบบผสมเชื้อเพลิงกับอากาศก่อนป้อนเข้าเผาไหม้ (Pre-mix Burner) ,689.73,7.00,667.57,104.00,11.00,1595.00,4.60,,7.01,930.00,105.00,13.00,2402.00,5.57,109.80,20358.00,11.75,0.0,0.12,0.0,1.76,0.06,24.21,0.0,0.11,0.0,1.51,0.05,109.80,20358.00,9.61,0.0,0.12,0.0,1.49,0.02,22.38,0.0,0.1,0.0,1.28,0.02,143.70,20358.00,9.05,0.0,0.0,0.0,0.51,0.05,21.89,0.0,0.0,0.0,0.44,0.04,3.10,198.30,239.00,2.00,172.60,11.00,2.03,0.00,0.00,0.00,0.26,0.04,4933.450000000001,0.00,0.00,0.00,622.44,92.21,0.00,0.00,0.00,0.00,10000.00,0.00,2.52,0.00,0.11,0.00,1.17,0.01,6107.6399999999985,0.00,271.45,0.00,2827.61,22.62,0.00,0.00,0.00,0.00,0.00,0.00,,0.00,0.0,0.00,0.00,0.00,0.00,0.00,0.0,0.00,0.00,0.00,0.00,,0.00,0.0,0.00,0.00,0.00,0.00,0.00,0.0,0.00,0.00,0.00,0.00,,0.00,0.0,0.00,0.00,0.00,0.00,0.00,0.0,0.00,0.00,0.00,0.00,86.30999999999999,74.11999999999999,88.76,76.22000000000001,90.39,77.63
20113-0023-1,water tube,40.0,Economizer,16.0,ก๊าซธรรมชาติ,Gas, แบบผสมกันภายในหัวเผา (Nozzle-mix burner) ,12585.00,14.00,12975.00,85.00,15.50,78.00,3720.00,12074.47,14.00,12454.00,85.00,14.70,61.30,3720.00,800.00,46453.76,8.98,0.0,0.01,0.0,0.03,5.5,19.12,0.0,0.01,0.0,0.02,4.89,800.00,46453.76,6.83,0.0,0.0,0.0,0.02,2.22,17.21,0.0,0.0,0.0,0.02,1.97,738.48,46453.76,6.65,0.0,0.0,0.0,0.03,5.96,17.04,0.0,0.0,0.0,0.02,5.3,9.00,153.70,20.00,6.30,143.00,7.40,264.63,0.00,1.23,0.00,1.23,403.73,2155779.61,0.00,10026.88,0.00,10026.88,3288817.27,10000.00,0.00,0.00,0.00,0.00,10000.00,298.41,0.00,1.28,0.00,0.00,-58.91,2430928.01,0.00,10433.17,0.00,0.00,-479925.72,0.00,0.00,0.00,0.00,0.00,0.00,,0.00,0.0,0.00,0.00,0.00,0.00,0.00,0.0,0.00,0.00,0.00,0.00,,0.00,0.0,0.00,0.00,0.00,0.00,0.00,0.0,0.00,0.00,0.00,0.00,,0.00,0.0,0.00,0.00,0.00,0.00,0.00,0.0,0.00,0.00,0.00,0.00,85.47999999999999,75.96,90.93,80.8,87.36,77.64000000000001
20113-0023-2,water tube,40.0,Economizer,16.0,ก๊าซธรรมชาติ,Gas, แบบผสมกันภายในหัวเผา (Nozzle-mix burner) ,17940.00,14.00,18150.00,85.00,15.50,48.10,3720.00,20348.00,14.00,20858.00,85.00,14.70,58.40,3720.00,1120.00,46453.76,10.22,0.0,0.01,0.0,0.05,3.93,20.22,0.0,0.01,0.0,0.04,3.49,1120.00,46453.76,7.19,0.0,0.0,0.0,0.05,1.58,17.53,0.0,0.0,0.0,0.04,1.4,1263.00,46453.76,6.6,0.0,0.0,0.0,0.02,3.48,17.0,0.0,0.0,0.0,0.02,3.1,10.00,155.60,19.50,4.80,151.90,7.80,372.06,0.00,1.23,0.00,0.00,288.57,3030937.1,0.00,10003.09,0.00,0.00,2350726.80,10000.00,0.00,0.00,0.00,0.00,10000.00,450.77,0.00,1.25,0.00,3.74,56.04,3672134.0700000003,0.00,10144.02,0.00,30432.05,456480.75,0.00,0.00,0.00,0.00,0.00,0.00,,0.00,0.0,0.00,0.00,0.00,0.00,0.00,0.0,0.00,0.00,0.00,0.00,,0.00,0.0,0.00,0.00,0.00,0.00,0.00,0.0,0.00,0.00,0.00,0.00,,0.00,0.0,0.00,0.00,0.00,0.00,0.00,0.0,0.00,0.00,0.00,0.00,85.78999999999999,76.24,91.18,81.02999999999999,89.9,79.88000000000001
20113-0023-3,water tube,40.0,Economizer,16.0,ก๊าซธรรมชาติ,Gas, แบบผสมกันภายในหัวเผา (Nozzle-mix burner) ,19400.00,14.00,20580.00,85.00,15.50,56.30,3720.00,21556.00,14.00,22025.00,85.00,14.70,58.50,3720.00,1255.00,46453.76,10.4,0.0,0.01,0.0,0.04,3.51,20.38,0.0,0.01,0.0,0.04,3.12,1255.00,46453.76,7.62,0.0,0.0,0.0,0.04,1.41,17.91,0.0,0.0,0.0,0.04,1.25,1267.00,46453.76,6.8,0.0,0.0,0.0,0.04,3.47,17.18,0.0,0.0,0.0,0.03,3.09,9.50,161.70,21.00,4.80,152.40,12.30,341.89,0.00,1.23,0.00,0.00,258.27,2785132.04,0.00,10018.46,0.00,0.00,2103876.79,10000.00,0.00,0.00,0.00,0.00,10000.00,448.45,0.00,1.25,0.00,0.00,4.98,3653181.4899999998,0.00,10147.73,0.00,0.00,40590.91,0.00,0.00,0.00,0.00,0.00,0.00,,0.00,0.0,0.00,0.00,0.00,0.00,0.00,0.0,0.00,0.00,0.00,0.00,,0.00,0.0,0.00,0.00,0.00,0.00,0.00,0.0,0.00,0.00,0.00,0.00,,0.00,0.0,0.00,0.00,0.00,0.00,0.00,0.0,0.00,0.00,0.00,0.00,86.03999999999998,76.44999999999999,90.92999999999999,80.8,89.69,79.69999999999999
20232-1007-1,fire tube,4.0,Economizer,5.0,ก๊าซธรรมชาติ,Gas, แบบผสมเชื้อเพลิงกับอากาศก่อนป้อนเข้าเผาไหม้ (Pre-mix Burner) ,661.57,6.01,683.75,79.00,86.00,2650.00,22.18,,6.01,700.00,80.00,86.00,2983.00,20.18,59.54,37200.00,16.35,0.0,0.03,0.0,2.85,0.4,29.0,0.0,0.02,0.0,2.42,0.33,59.54,37200.00,9.01,0.0,0.02,0.0,2.85,0.19,22.77,0.0,0.01,0.0,2.42,0.16,60.00,37200.00,11.5,0.0,0.01,0.0,2.96,0.35,24.88,0.0,0.0,0.0,2.51,0.3,7.90,198.50,41.00,4.40,176.00,17.00,5.189999999999999,0.00,0.01,0.00,0.00,0.15,136717.62,0.00,186.26,0.00,0.00,3911.55,0.00,0.00,0.00,0.00,0.00,0.00,3.54,0.00,0.01,0.00,-0.08,0.04,93225.07,0.00,384.43,0.00,-2114.39,961.08,0.00,0.00,0.00,0.00,0.00,0.00,,0.00,0.0,0.00,0.00,0.00,0.00,0.00,0.0,0.00,0.00,0.00,0.00,,0.00,0.0,0.00,0.00,0.00,0.00,0.00,0.0,0.00,0.00,0.00,0.00,,0.00,0.0,0.00,0.00,0.00,0.00,0.00,0.0,0.00,0.00,0.00,0.00,80.37,68.23,87.93,74.64,85.18,72.31
10221-0006-1,fire tube,10.5,,12.0,ถ่านหิน,Solid,  overfeed stoker (Traveling Grate) - Auto Feed,3932.20,9.20,4387.50,84.00,275.00,2237.00,540.09,,9.20,5750.00,115.00,275.00,2650.00,596.69,675.00,24751.82,18.52,0.0,3.59,0.55,0.54,1.52,25.02,0.0,3.39,0.52,0.51,1.43,675.00,24751.82,14.0,0.0,2.27,0.55,0.54,0.97,20.75,0.0,2.14,0.52,0.51,0.91,800.00,24751.82,12.87,0.0,2.27,0.55,0.46,0.94,19.68,0.0,2.14,0.52,0.43,0.89,12.10,200.70,3702.00,7.00,210.60,3702.00,132.33,0.00,38.65,0.00,0.00,16.10,871014.95,0.00,254367.20,0.00,0.00,105986.33,1500000.00,0.00,0.00,0.00,0.00,0.00,162.98,0.00,38.08,0.00,2.31,16.73,1072736.40,0.00,250621.60,0.00,15189.19,110121.61,0.00,0.00,0.00,0.00,0.00,0.00,,0.00,0.0,0.00,0.00,0.00,0.00,0.00,0.0,0.00,0.00,0.00,0.00,ถ่านหินบีทูมินัส,"228,756.58",0.004,112.60,"741,171.31","15,000.00",0.02,"228,756.58",0.004,112.60,"741,171.31","15,000.00",0.02,,0.00,0.0,0.00,0.00,0.00,0.00,0.00,0.0,0.00,0.00,0.00,0.00,75.28,69.13,81.67,75.17,82.91000000000001,76.33999999999999
10221-0006-2,fire tube,10.5,,12.0,ถ่านหิน,Solid,  overfeed stoker (Traveling Grate) - Auto Feed,4781.14,9.13,5266.66,80.70,275.00,2320.00,624.28,,9.13,5800.00,115.00,275.00,2983.00,534.69,812.50,24751.82,15.81,0.0,5.33,0.76,0.43,1.5,22.46,0.0,5.03,0.72,0.41,1.42,812.50,24751.82,14.48,0.0,4.69,0.76,0.43,0.99,21.2,0.0,4.43,0.72,0.4,0.94,700.00,24751.82,12.57,0.0,3.84,0.76,0.5,0.96,19.4,0.0,3.63,0.72,0.47,0.91,8.70,225.40,7660.00,6.40,214.00,6598.00,48.649999999999984,0.00,23.41,0.00,0.00,18.65,320192.67,0.00,154077.68,0.00,0.00,122780.65,1500000.00,0.00,0.00,0.00,0.00,0.00,114.65,0.00,52.73,0.00,-2.48,19.11,754646.2200000004,0.00,347044.10,0.00,-16304.09,125774.37,0.00,0.00,0.00,0.00,0.00,0.00,,0.00,0.0,0.00,0.00,0.00,0.00,0.00,0.0,0.00,0.00,0.00,0.00,ถ่านหินบีทูมินัส,"258,529.42",0.005,127.26,"837,635.32","15,000.00",0.01,"258,529.42",0.005,127.26,"837,635.32","15,000.00",0.01,,0.00,0.0,0.00,0.00,0.00,0.00,0.00,0.0,0.00,0.00,0.00,0.00,76.16999999999999,69.96,78.64999999999999,72.31,81.37,74.87
10221-0006-3,fire tube,10.5,,7.0,ถ่านหิน,Solid,  overfeed stoker (Traveling Grate) - Auto Feed,5728.38,9.27,6391.66,90.20,275.00,2402.00,731.76,,9.27,6750.00,115.00,275.00,2650.00,700.47,862.50,24751.82,16.47,0.0,0.13,0.79,0.44,1.51,23.08,0.0,0.12,0.75,0.41,1.42,862.50,24751.82,14.98,0.0,0.09,0.79,0.44,1.03,21.67,0.0,0.08,0.75,0.41,0.97,900.00,24751.82,12.64,0.0,0.21,0.79,0.42,0.99,19.47,0.0,0.2,0.75,0.4,0.93,11.30,193.00,151.00,6.40,213.50,365.00,55.06000000000001,0.00,1.48,0.00,0.00,17.74,362437.47,0.00,9729.87,0.00,0.00,116758.38,1500000.00,0.00,0.00,0.00,0.00,0.00,137.82,0.00,-2.88,0.00,0.72,18.71,907129.87,0.00,-18947.88,0.00,4736.97,123161.24,0.00,0.00,0.00,0.00,0.00,0.00,,0.00,0.0,0.00,0.00,0.00,0.00,0.00,0.0,0.00,0.00,0.00,0.00,ถ่านหินบีทูมินัส,"313,677.41",0.006,154.41,"1,016,314.80","15,000.00",0.01,"313,677.41",0.006,154.41,"1,016,314.80","15,000.00",0.01,,0.00,0.0,0.00,0.00,0.00,0.00,0.00,0.0,0.00,0.00,0.00,0.00,80.66,74.22,82.66999999999999,76.12,84.95,78.24999999999999
11012-1001-2,fire tube,16.0,นำคอนเดนเสทกลับมาใช้,14.0,ก๊าซชีวภาพ+น้ำมันเตา,"Liquid,Gas",แบบใช้ความดันน้ำมัน (Pressure Atomized) แบบผสมเชื้อเพลิงกับอากาศก่อนป้อนเข้าเผาไหม้ (Pre-mix Burner) ,0.00,5.90,11303.00,98.40,518.00,2330.00,2512.85,0.00,6.70,9299.50,100.50,500.00,3200.00,1721.34,1225.63,25454.94,11.53,0.0,0.7,0.0,0.03,2.3,21.13,0.0,0.62,0.0,0.03,2.05,1225.63,25454.94,11.53,0.0,0.7,0.0,0.03,2.3,21.13,0.0,0.62,0.0,0.03,2.05,1363.39,17853.00,14.49,0.0,0.0,0.0,0.07,2.26,28.54,0.0,0.0,0.0,0.06,1.89,1.10,230.60,1602.10,3.40,197.60,0.00,0.00,0.00,0.00,0.00,0.00,0.00,0.00,0.00,0.00,0.00,0.00,0.00,0.00,0.00,0.00,0.00,0.00,0.00,10086.279999999999,0.00,-10181.92,0.00,581.82,-581.82,186841896.15999997,0.00,-189549749.76,0.00,10831414.27,-10831414.27,0.00,0.00,0.00,0.00,0.00,0.00,,0.00,0.0,0.00,0.00,0.00,0.00,0.00,0.0,0.00,0.00,0.00,0.00,,0.00,0.0,0.00,0.00,0.00,0.00,0.00,0.0,0.00,0.00,0.00,0.00,,0.00,0.0,0.00,0.00,0.00,0.00,0.00,0.0,0.00,0.00,0.00,0.00,85.44,76.17,85.44,76.17,83.18,69.51
10801-0037-2,once through,2.0,,4.0,ก๊าซปิโตเลียมเหลว,Gas, แบบผสมกันภายในหัวเผา (Nozzle-mix burner) ,,7.00,1387.32,85.00,50.00,1106.40,5.23,,8.01,945.00,85.00,4.00,2484.00,1.52,70.25,50150.00,12.46,0.0,0.09,0.0,0.18,0.05,19.6,0.0,0.08,0.0,0.16,0.04,70.25,50150.00,4.17,0.0,0.0,0.0,0.15,0.04,11.98,0.0,0.0,0.0,0.14,0.03,54.51,50150.00,4.88,0.0,0.0,0.0,0.23,0.02,12.64,0.0,0.0,0.0,0.21,0.01,6.70,244.67,198.00,4.40,127.20,10.00,97.26,0.00,1.06,0.00,0.35,0.12,2011775.85,0.00,21840.75,0.00,7280.25,2426.75,0.00,0.00,0.00,0.00,0.00,0.00,89.66000000000001,0.00,1.06,0.00,-0.59,0.35,1854373.86,0.00,22017.63,0.00,-12232.02,7339.21,0.00,0.00,0.00,0.00,0.00,0.00,,0.00,0.0,0.00,0.00,0.00,0.00,0.00,0.0,0.00,0.00,0.00,0.00,,0.00,0.0,0.00,0.00,0.00,0.00,0.00,0.0,0.00,0.00,0.00,0.00,ก๊าซปิโตเลียมเหลว(LPG),0.00,0.0,0.00,0.00,0.00,0.00,0.00,0.0,0.00,0.00,0.00,0.00,87.21999999999998,80.12,95.63999999999999,87.85,94.87,87.14
10801-0037-3,once through,2.0,"นำคอนเดนเสทกลับมาใช้, Economizer",4.0,ก๊าซปิโตเลียมเหลว,Gas, แบบผสมกันภายในหัวเผา (Nozzle-mix burner) ,,7.00,1375.23,85.00,50.00,1049.80,6.30,,8.51,1845.00,85.00,4.00,1592.00,4.63,77.48,50150.00,9.97,0.0,0.06,0.0,0.03,0.05,17.31,0.0,0.06,0.0,0.03,0.05,77.48,50150.00,7.58,0.0,0.06,0.0,0.14,0.03,15.12,0.0,0.06,0.0,0.13,0.03,106.22,50150.00,4.48,0.0,0.0,0.0,0.02,0.03,12.27,0.0,0.0,0.0,0.02,0.03,5.20,218.60,167.00,4.30,125.60,6.00,29.05,0.00,0.00,0.00,-1.34,0.24,600791.51,0.00,0.00,0.00,-27651.50,5027.55,0.00,0.00,0.00,0.00,0.00,0.00,64.49000000000001,0.00,0.71,0.00,0.12,0.24,1334152.37,0.00,14580.90,0.00,2430.15,4860.30,0.00,0.00,0.00,0.00,0.00,0.00,,0.00,0.0,0.00,0.00,0.00,0.00,0.00,0.0,0.00,0.00,0.00,0.00,,0.00,0.0,0.00,0.00,0.00,0.00,0.00,0.0,0.00,0.00,0.00,0.00,ก๊าซปิโตเลียมเหลว(LPG),0.00,0.0,0.00,0.00,0.00,0.00,0.00,0.0,0.00,0.00,0.00,0.00,89.89,82.55,92.19,84.66,95.47,87.68
10212-0020-1,fire tube,6.0,Oil Heater,21.0,น้ำมันเตา C,Liquid,แบบใช้แรงเหวี่ยงของถ้วยหมุน (Rotary Cup)  ,1000.00,8.50,1000.00,30.00,640.00,9450.00,67.72,790.00,8.50,790.00,30.20,650.00,7590.00,67.65,83.94,43031.38,8.08,0.0,0.02,0.0,0.44,1.2,13.51,0.0,0.01,0.0,0.41,1.13,83.94,43031.38,6.56,0.0,0.0,0.0,0.44,1.2,12.07,0.0,0.0,0.0,0.41,1.13,70.65,43031.38,6.5,0.0,0.0,0.0,0.52,1.43,12.02,0.0,0.0,0.0,0.49,1.34,4.94,190.00,48.71,4.70,162.35,4.95,1.619999999999999,0.00,0.02,0.00,0.00,0.00,27668.030000000002,0.00,364.05,0.00,0.00,0.00,0.00,0.00,0.00,0.00,30000.00,0.00,1.7000000000000002,0.00,0.02,0.00,-0.09,-0.25,28782.81,0.00,364.34,0.00,-1457.36,-4189.92,0.00,0.00,0.00,0.00,0.00,0.00,,0.00,0.0,0.00,0.00,0.00,0.00,0.00,0.0,0.00,0.00,0.00,0.00,,0.00,0.0,0.00,0.00,0.00,0.00,0.00,0.0,0.00,0.00,0.00,0.00,น้ำมันเตา C,"19,279.34",0.8290000000000001,19.63,"314,253.24","1,200,000.00",3.81,"102,979.66",0.004,104.89,"1,678,568.45",0.00,0.00,90.26,84.94,91.8,86.39000000000001,91.55,86.15
10722-0024-1,water tube,65.0,"นำคอนเดนเสทกลับมาใช้, Economizer",35.0,bagass,Solid,  overfeed stoker (Fixed/Inclined Grate) - Auto Feed,54200.00,20.00,,91.00,88.00,679.00,7750.00,45750.00,20.00,0.00,91.00,88.00,679.00,248.96,18500.00,14983.28,38.71,0.0,0.0,0.0,0.28,1.62,44.42,0.0,0.0,0.0,0.25,1.47,18500.00,14983.28,24.81,0.0,0.0,0.0,0.05,0.31,31.82,0.0,0.0,0.0,0.05,0.28,15500.00,14983.28,24.88,0.0,0.0,0.0,0.33,0.06,31.89,0.0,0.0,0.0,0.3,0.05,17.22,202.00,0.00,15.00,202.00,0.00,3978.03,0.00,0.00,0.00,65.82,374.91,18553772.2,0.00,0.00,0.00,307004.86,1748592.92,0.00,0.00,0.00,0.00,350000.00,0.00,-428.6399999999999,0.00,0.00,0.00,-14.33,446.97,18481604.20,0.00,0.00,0.00,-66817.08,2084692.88,0.00,0.00,0.00,0.00,0.00,0.00,,0.00,0.0,0.00,0.00,0.00,0.00,0.00,0.0,0.00,0.00,0.00,0.00,ชานอ้อย/กากอ้อย,"889,573.45",0.013000000000000001,315.51,"1,334,360.17","500,000.00",0.37,"-8,952,815.73",-0.134,"-3,175.43","-13,429,223.60",0.00,0.00,,0.00,0.0,0.00,0.00,0.00,0.00,0.00,0.0,0.00,0.00,0.00,0.00,59.39,53.86,74.83,67.85000000000001,74.73,67.76
10722-0024-2,water tube,65.0,"นำคอนเดนเสทกลับมาใช้, Economizer",35.0,bagass,Solid,  overfeed stoker (Fixed/Inclined Grate) - Auto Feed,58300.00,20.00,,91.00,88.00,443.00,12157.11,45080.00,21.01,,91.00,88.00,679.00,12157.11,19300.00,14983.28,33.94,0.0,0.0,0.0,0.28,2.44,40.1,0.0,0.0,0.0,0.25,2.21,19300.00,14983.28,25.56,0.0,0.0,0.0,0.05,0.3,32.5,0.0,0.0,0.0,0.05,0.28,15000.00,14983.28,24.28,0.0,0.0,0.0,0.36,3.14,31.34,0.0,0.0,0.0,0.33,2.85,16.54,207.00,0.00,15.00,198.00,0.00,2525.75,0.00,0.00,0.00,69.32,645.00,11780253.21,0.00,0.00,0.00,323324.37,3008322.42,0.00,0.00,0.00,0.00,350000.00,0.00,243.2199999999998,0.00,0.00,0.00,-24.74,-216.48,13933721.07,0.00,0.00,0.00,-115393.14,-1009689.93,0.00,0.00,0.00,0.00,0.00,0.00,,0.00,0.0,0.00,0.00,0.00,0.00,0.00,0.0,0.00,0.00,0.00,0.00,ชานอ้อย/กากอ้อย,0.00,0.0,0.00,0.00,0.00,0.00,0.00,0.0,0.00,0.00,0.00,0.00,,0.00,0.0,0.00,0.00,0.00,0.00,0.00,0.0,0.00,0.00,0.00,0.00,63.34,57.44,74.09,67.17,72.22,65.48
10722-0024-3,water tube,65.0,"นำคอนเดนเสทกลับมาใช้, Economizer",35.0,bagass,Solid,  overfeed stoker (Fixed/Inclined Grate) - Auto Feed,55500.00,20.00,,91.00,88.00,1130.00,4906.19,53167.00,21.01,,91.00,88.00,679.00,4906.19,21500.00,14983.28,42.62,0.0,0.0,0.0,0.42,0.88,47.97,0.0,0.0,0.0,0.38,0.8,21500.00,14983.28,26.76,0.0,0.0,0.0,0.05,0.28,33.59,0.0,0.0,0.0,0.04,0.25,20500.00,14983.28,26.83,0.0,0.0,0.0,0.44,0.92,33.65,0.0,0.0,0.0,0.4,0.84,17.30,215.00,0.00,15.00,215.00,0.00,5414.05,0.00,0.00,0.00,126.31,204.82,25251494.76,0.00,0.00,0.00,589095.40,955289.84,0.00,0.00,0.00,0.00,350000.00,0.00,25.789999999999964,0.00,0.00,0.00,-6.93,-13.86,25522883.71,0.00,0.00,0.00,-32327.91,-64655.82,0.00,0.00,0.00,0.00,0.00,0.00,,0.00,0.0,0.00,0.00,0.00,0.00,0.00,0.0,0.00,0.00,0.00,0.00,ชานอ้อย/กากอ้อย,0.00,0.0,0.00,0.00,0.00,0.00,0.00,0.0,0.00,0.00,0.00,0.00,,0.00,0.0,0.00,0.00,0.00,0.00,0.00,0.0,0.00,0.00,0.00,0.00,56.08,50.85,72.91,66.11999999999999,71.81,65.10999999999999
10722-0024-4,water tube,65.0,"นำคอนเดนเสทกลับมาใช้, Economizer",35.0,bagass,Solid,  overfeed stoker (Fixed/Inclined Grate) - Auto Feed,55500.00,20.00,,91.00,88.00,327.00,16954.12,54416.00,20.00,,91.00,88.00,679.00,,17000.00,14983.28,29.65,0.0,0.0,0.0,0.54,3.87,36.21,0.0,0.0,0.0,0.49,3.51,17000.00,14983.28,28.26,0.0,0.0,0.0,0.06,0.36,34.95,0.0,0.0,0.0,0.05,0.32,16500.00,14983.28,27.7,0.0,0.0,0.0,0.56,0.0,34.45,0.0,0.0,0.0,0.51,0.0,15.30,225.00,0.00,15.20,215.00,0.00,380.86,0.00,0.00,0.00,132.48,968.74,1776406.9300000002,0.00,0.00,0.00,617880.67,4518252.40,0.00,0.00,0.00,0.00,350000.00,0.00,-1054.6600000000003,0.00,0.00,0.00,-5.48,1061.14,2493794.48,0.00,0.00,0.00,-25577.38,4949222.90,0.00,0.00,0.00,0.00,0.00,0.00,,0.00,0.0,0.00,0.00,0.00,0.00,0.00,0.0,0.00,0.00,0.00,0.00,ชานอ้อย/กากอ้อย,0.00,0.0,0.00,0.00,0.00,0.00,0.00,0.0,0.00,0.00,0.00,0.00,,0.00,0.0,0.00,0.00,0.00,0.00,0.00,0.0,0.00,0.00,0.00,0.00,65.93999999999998,59.79,71.32,64.68,71.74,65.03999999999999
10722-0024-5,water tube,65.0,"นำคอนเดนเสทกลับมาใช้, Economizer",35.0,bagass,Solid,  overfeed stoker (Fixed/Inclined Grate) - Auto Feed,45600.00,20.00,,91.00,88.00,1380.00,4045.16,44750.00,21.01,,91.00,88.00,679.00,4045.16,20300.00,14983.28,43.34,0.0,0.0,0.0,0.52,0.77,48.62,0.0,0.0,0.0,0.47,0.7,20300.00,14983.28,23.5,0.0,0.0,0.0,0.0,0.27,30.63,0.0,0.0,0.0,0.0,0.24,20000.00,14983.28,24.87,0.0,0.0,0.0,0.52,0.78,31.87,0.0,0.0,0.0,0.47,0.71,17.30,218.00,0.00,14.50,215.00,0.00,6118.410000000001,0.00,0.00,0.00,160.28,154.12,28536628.209999997,0.00,0.00,0.00,747559.03,718806.76,0.00,0.00,0.00,0.00,350000.00,0.00,8.180000000000291,0.00,0.00,0.00,0.00,-3.18,27430805.51,0.00,0.00,0.00,0.00,-14843.51,0.00,0.00,0.00,0.00,0.00,0.00,,0.00,0.0,0.00,0.00,0.00,0.00,0.00,0.0,0.00,0.00,0.00,0.00,ชานอ้อย/กากอ้อย,0.00,0.0,0.00,0.00,0.00,0.00,0.00,0.0,0.00,0.00,0.00,0.00,,0.00,0.0,0.00,0.00,0.00,0.00,0.00,0.0,0.00,0.00,0.00,0.00,55.36999999999999,50.21,76.23,69.13000000000001,73.83,66.95
10722-0024-6,water tube,130.0,"นำคอนเดนเสทกลับมาใช้, Economizer",35.0,bagass,Solid,  overfeed stoker (Fixed/Inclined Grate) - Auto Feed,112300.00,20.00,,91.00,88.00,1205.00,8690.45,109583.00,20.00,,91.00,88.00,679.00,8690.45,47400.00,14983.28,48.95,0.0,0.0,0.0,0.35,0.71,53.71,0.0,0.0,0.0,0.32,0.64,47400.00,14983.28,25.86,0.0,0.0,0.0,0.04,0.24,32.77,0.0,0.0,0.0,0.04,0.22,45000.00,14983.28,27.97,0.0,0.0,0.0,0.37,0.74,34.68,0.0,0.0,0.0,0.34,0.67,17.90,209.00,0.00,15.50,208.00,0.00,17162.94,0.00,0.00,0.00,230.33,349.20,80048917.52,0.00,0.00,0.00,1074249.54,1628700.92,0.00,0.00,0.00,0.00,700000.00,0.00,54.67999999999847,0.00,0.00,0.00,-15.47,-23.21,75739810.8,0.00,0.00,0.00,-72167.52,-108251.28,0.00,0.00,0.00,0.00,0.00,0.00,,0.00,0.0,0.00,0.00,0.00,0.00,0.00,0.0,0.00,0.00,0.00,0.00,ชานอ้อย/กากอ้อย,"2,185,178.76",0.032,775.04,"3,277,768.13","1,500,000.00",0.45,"2,185,178.76",0.032,775.04,"3,277,768.13","1,500,000.00",0.45,,0.00,0.0,0.00,0.00,0.00,0.00,0.00,0.0,0.00,0.00,0.00,0.00,49.989999999999995,45.33,73.86,66.96999999999998,70.92,64.30999999999999
10212-0002-1,once through,1.0,,5.0,น้ำมันดีเซล,Liquid,แบบใช้ความดันน้ำมัน (Pressure Atomized)  ,430.35,7.62,462.22,28.00,177.00,2567.00,31.87,,6.81,537.50,37.80,294.00,1032.00,39.84,30.94,45700.00,13.14,0.0,0.02,0.0,0.15,1.23,18.79,0.0,0.02,0.0,0.14,1.15,30.94,45700.00,9.87,0.0,0.01,0.0,0.15,0.9,15.73,0.0,0.01,0.0,0.14,0.84,37.50,45700.00,11.7,0.0,0.01,0.0,0.15,1.32,17.44,0.0,0.01,0.0,0.14,1.23,8.40,239.70,41.00,6.50,237.30,33.00,4.13,0.00,0.01,0.00,0.00,0.42,109601.06999999999,0.00,335.17,0.00,0.00,11060.66,0.00,0.00,0.00,0.00,0.00,0.00,1.86,0.00,0.01,0.00,0.00,-0.12,49347.549999999996,0.00,342.69,0.00,0.00,-3084.24,0.00,0.00,0.00,0.00,0.00,0.00,,0.00,0.0,0.00,0.00,0.00,0.00,0.00,0.0,0.00,0.00,0.00,0.00,,0.00,0.0,0.00,0.00,0.00,0.00,0.00,0.0,0.00,0.00,0.00,0.00,,0.00,0.0,0.00,0.00,0.00,0.00,0.00,0.0,0.00,0.00,0.00,0.00,85.46,79.9,89.06999999999998,83.27999999999999,86.82,81.17999999999999
10111-0003-1,water tube,10.0,,9.0,ถ่านหิน,Solid,  overfeed stoker (Traveling Grate) - Auto Feed,4692.05,5.79,4954.54,28.20,136.00,2567.00,262.49,,6.01,3675.00,33.00,167.00,2733.00,224.56,563.09,33093.71,21.79,0.0,0.12,0.0,1.39,0.9,26.55,0.0,0.12,0.0,1.33,0.86,563.09,33093.71,10.98,0.0,0.05,0.0,1.24,0.54,15.16,0.0,0.05,0.0,1.18,0.51,400.00,33093.71,17.18,0.0,0.01,0.0,1.96,1.06,22.13,0.0,0.01,0.0,1.87,1.01,14.80,212.20,122.00,12.00,238.10,28.00,390.65999999999997,0.00,2.24,0.00,4.81,11.54,2133192.48,0.00,13813.46,0.00,29600.27,71040.64,0.00,0.00,0.00,0.00,0.00,0.00,160.84,0.00,3.85,0.00,-19.93,-5.59,990578.75,0.00,23687.75,0.00,-122745.63,-34454.91,12500.00,0.00,0.00,0.00,0.00,0.00,,0.00,0.0,0.00,0.00,0.00,0.00,0.00,0.0,0.00,0.00,0.00,0.00,,0.00,0.0,0.00,0.00,0.00,0.00,0.00,0.0,0.00,0.00,0.00,0.00,,0.00,0.0,0.00,0.00,0.00,0.00,0.00,0.0,0.00,0.00,0.00,0.00,75.8,71.14,87.19,83.1,79.78999999999999,74.97999999999999
10801-0034-1,fire tube,6.0,Oil Heater,14.0,น้ำมันเตา,Liquid,แบบใช้ความดันน้ำมัน (Pressure Atomized)  ,1356.06,12.00,1356.06,30.00,52.00,2420.00,29.14,2772.73,12.00,2772.73,30.00,63.00,9470.00,14.48,123.62,41280.00,9.98,0.0,0.0,0.0,0.66,0.4,15.51,0.0,0.0,0.0,0.62,0.38,123.62,41280.00,8.46,0.0,0.0,0.0,0.57,0.4,14.09,0.0,0.0,0.0,0.54,0.38,234.37,41280.00,9.0,0.0,0.0,0.0,0.28,0.1,14.6,0.0,0.0,0.0,0.27,0.1,4.58,224.14,0.00,4.18,210.14,0.00,7.889999999999999,0.00,0.00,0.00,0.47,0.00,151046.44999999998,0.00,0.00,0.00,8943.54,0.00,12000.00,0.00,0.00,0.00,30000.00,100000.00,5.11,0.00,0.00,0.00,1.98,1.56,97653.71,0.00,0.00,0.00,37865.73,29893.99,0.00,0.00,0.00,0.00,0.00,0.00,,0.00,0.0,0.00,0.00,0.00,0.00,0.00,0.0,0.00,0.00,0.00,0.00,,0.00,0.0,0.00,0.00,0.00,0.00,0.00,0.0,0.00,0.00,0.00,0.00,,0.00,0.0,0.00,0.00,0.00,0.00,0.00,0.0,0.00,0.00,0.00,0.00,88.96,83.49,90.57,84.99,90.62,85.03000000000002
10801-0034-2,hybrid,10.0,"Economizer, นำคอนเดนเสทกลับมาใช้",11.0,ถ่านหิน,Solid,  overfeed stoker (Traveling Grate) - Auto Feed,3277.24,12.00,3277.24,63.00,52.00,4520.00,37.70,4143.33,12.00,4143.33,68.00,39.00,5813.64,27.79,830.90,24010.90,53.52,0.0,0.73,2.43,1.16,0.12,58.3,0.0,0.69,2.29,1.09,0.11,830.90,24010.90,17.4,0.0,0.16,2.43,1.1,0.11,24.25,0.0,0.15,2.29,1.04,0.1,849.87,24010.90,41.47,0.0,1.83,2.43,0.79,0.08,46.94,0.0,1.72,2.29,0.75,0.07,17.36,217.20,286.48,16.36,215.12,915.62,760.88,0.00,12.01,0.00,1.26,0.21,4817201.48,0.00,76018.96,0.00,8002.00,1333.67,50000.00,0.00,0.00,0.00,100000.00,0.00,374.59999999999997,0.00,-34.20,0.00,11.50,1.24,2371593.4200000004,0.00,-216494.01,0.00,72820.71,7872.51,0.00,0.00,0.00,0.00,0.00,0.00,,0.00,0.0,0.00,0.00,0.00,0.00,0.00,0.0,0.00,0.00,0.00,0.00,,0.00,0.0,0.00,0.00,0.00,0.00,0.00,0.0,0.00,0.00,0.00,0.00,,0.00,0.0,0.00,0.00,0.00,0.00,0.00,0.0,0.00,0.00,0.00,0.00,42.040000000000006,37.52,78.8,72.16999999999999,53.400000000000006,48.230000000000004
20114-1005-1,water tube,35.0,"Economizer, นำคอนเดนเสทกลับมาใช้, Air Heater",7.0,ไม้สับและกะลาปาล์ม,Solid,  overfeed stoker (Traveling Grate) - Auto Feed,20759.62,26.10,21250.00,115.60,15.00,650.00,490.38,21265.00,26.10,21265.00,115.60,15.00,670.00,490.38,5960.00,18906.66,20.29,0.0,0.03,0.58,0.41,0.34,33.6,0.0,0.03,0.55,0.39,0.32,5960.00,18906.66,16.81,0.0,0.02,0.58,0.41,0.34,30.28,0.0,0.02,0.55,0.39,0.32,5942.00,18906.66,18.76,0.0,0.02,0.58,0.41,0.34,32.15,0.0,0.02,0.55,0.39,0.32,10.50,295.00,55.00,9.40,298.90,40.00,459.08,0.00,1.32,0.00,0.00,0.00,3325771.53,0.00,9529.43,0.00,0.00,0.00,0.00,0.00,0.00,0.00,0.00,0.00,207.82,0.00,1.35,0.00,0.00,0.00,1505559.44,0.00,9776.36,0.00,0.00,0.00,0.00,0.00,0.00,0.00,0.00,0.00,,0.00,0.0,0.00,0.00,0.00,0.00,0.00,0.0,0.00,0.00,0.00,0.00,,0.00,0.0,0.00,0.00,0.00,0.00,0.00,0.0,0.00,0.00,0.00,0.00,,0.00,0.0,0.00,0.00,0.00,0.00,0.00,0.0,0.00,0.00,0.00,0.00,78.35000000000001,65.11000000000001,81.84,68.44000000000001,79.89,66.57000000000001
11011-0014-2,fire tube,10.96,"Economizer, นำคอนเดนเสทกลับมาใช้",34.0,น้ำมันเตา,Liquid,แบบใช้ความดันน้ำมัน (Pressure Atomized)  ,4097.92,7.92,4300.00,106.70,44.00,955.40,202.08,,8.01,4750.00,82.00,97.00,2733.00,168.59,264.27,43192.79,8.48,0.0,0.05,0.0,0.36,0.5,13.48,0.0,0.05,0.0,0.34,0.48,264.27,43192.79,6.77,0.0,0.04,0.0,0.36,0.13,11.88,0.0,0.04,0.0,0.34,0.13,300.90,43192.79,7.13,0.0,0.0,0.0,0.31,0.51,12.2,0.0,0.0,0.0,0.29,0.48,7.50,174.10,109.00,3.40,188.40,5.00,25.410000000000004,0.00,0.15,0.00,0.00,5.51,409007.03,0.00,2391.85,0.00,0.00,88498.61,0.00,0.00,0.00,0.00,0.00,0.00,20.229999999999997,0.00,0.75,0.00,0.75,-0.15,324933.35,0.00,12034.57,0.00,12034.57,-2406.91,0.00,0.00,0.00,0.00,0.00,0.00,,0.00,0.0,0.00,0.00,0.00,0.00,0.00,0.0,0.00,0.00,0.00,0.00,,0.00,0.0,0.00,0.00,0.00,0.00,0.00,0.0,0.00,0.00,0.00,0.00,,0.00,0.0,0.00,0.00,0.00,0.00,0.00,0.0,0.00,0.00,0.00,0.00,90.61,85.64999999999999,92.7,87.61,92.05,87.02999999999999
20113-0004-1,fire tube,6.0,"นำคอนเดนเสทกลับมาใช้, Economizer",16.0,NG,Gas, แบบผสมเชื้อเพลิงกับอากาศก่อนป้อนเข้าเผาไหม้ (Pre-mix Burner) ,2637.24,7.80,2727.27,101.45,115.68,3504.00,90.03,2052.38,7.80,1809.43,109.15,115.68,3504.00,61.70,155.03,47011.21,7.83,0.0,0.0,0.0,0.38,0.4,18.86,0.0,0.0,0.0,0.33,0.36,155.03,47011.21,6.41,0.0,0.0,0.0,0.38,0.4,17.61,0.0,0.0,0.0,0.33,0.36,98.93,51802.10,6.17,0.0,0.0,0.0,0.29,0.35,16.36,0.0,0.0,0.0,0.26,0.31,6.51,147.00,0.00,5.02,145.50,0.00,19.21,0.00,0.00,0.00,0.00,0.00,358172.82,0.00,0.00,0.00,0.00,0.00,30000.00,0.00,0.00,0.00,0.00,0.00,25.159999999999997,0.00,0.00,0.00,1.21,0.67,416671.65,0.00,0.00,0.00,22590.64,12550.36,0.00,0.00,0.00,0.00,0.00,0.00,,0.00,0.0,0.00,0.00,0.00,0.00,0.00,0.0,0.00,0.00,0.00,0.00,,0.00,0.0,0.00,0.00,0.00,0.00,0.00,0.0,0.00,0.00,0.00,0.00,,0.00,0.0,0.00,0.00,0.00,0.00,0.00,0.0,0.00,0.00,0.00,0.00,91.39,80.45,92.81,81.7,93.19,83.07
10793-0001-1,fire tube,12.0,นำคอนเดนเสทกลับมาใช้,16.0,LPG,Gas, แบบผสมเชื้อเพลิงกับอากาศก่อนป้อนเข้าเผาไหม้ (Pre-mix Burner) ,0.00,5.80,3574.75,96.00,679.00,10095.00,240.44,,5.90,3539.00,96.00,1860.00,8350.00,573.00,189.87,50150.00,8.31,0.0,0.0,0.0,0.62,0.72,15.79,0.0,0.0,0.0,0.57,0.66,189.87,50150.00,6.75,0.0,0.0,0.0,0.62,0.72,14.36,0.0,0.0,0.0,0.57,0.66,189.87,50150.00,7.36,0.0,0.0,0.0,0.56,1.71,14.91,0.0,0.0,0.0,0.51,1.57,6.73,174.62,1.07,6.30,163.50,1.00,12.36,0.00,0.00,0.00,0.00,0.00,253841.02,0.00,0.00,0.00,0.00,0.00,0.00,0.00,0.00,0.00,0.00,0.00,6.9399999999999995,0.00,0.00,0.00,0.44,-7.24,142691.62000000002,0.00,0.00,0.00,9012.11,-148699.89,0.00,0.00,0.00,0.00,0.00,0.00,,0.00,0.0,0.00,0.00,0.00,0.00,0.00,0.0,0.00,0.00,0.00,0.00,,0.00,0.0,0.00,0.00,0.00,0.00,0.00,0.0,0.00,0.00,0.00,0.00,,0.00,0.0,0.00,0.00,0.00,0.00,0.00,0.0,0.00,0.00,0.00,0.00,90.35,82.98000000000002,91.91,84.41000000000001,90.37,83.01
11042-0007-1,hybrid,20.0,"Economizer, นำคอนเดนเสทกลับมาใช้",6.0,บิทูมินัส,Solid,  overfeed stoker (Step/pushing/dumping Grate Stoker),15149.58,7.40,15501.32,137.50,92.00,2492.00,600.42,15400.00,7.40,15200.00,137.50,92.00,2420.00,600.42,2435.22,21296.56,21.74,0.0,0.25,1.16,0.13,0.17,27.73,0.0,0.24,1.11,0.12,0.16,2435.22,21296.56,13.97,0.0,0.03,1.16,0.13,0.17,20.34,0.0,0.03,1.11,0.12,0.16,2435.22,21296.56,19.31,0.0,0.06,1.16,0.13,0.17,25.42,0.0,0.06,1.11,0.12,0.16,12.80,217.10,250.00,11.90,217.00,75.00,829.63,0.00,23.49,0.00,0.00,0.00,4212619.619999999,0.00,119276.23,0.00,0.00,0.00,0.00,0.00,0.00,0.00,0.00,0.00,276.31,0.00,21.60,0.00,0.00,0.00,1403024.07,0.00,109701.47,0.00,0.00,0.00,0.00,0.00,0.00,0.00,0.00,0.00,,0.00,0.0,0.00,0.00,0.00,0.00,0.00,0.0,0.00,0.00,0.00,0.00,,0.00,0.0,0.00,0.00,0.00,0.00,0.00,0.0,0.00,0.00,0.00,0.00,,0.00,0.0,0.00,0.00,0.00,0.00,0.00,0.0,0.00,0.00,0.00,0.00,76.55000000000001,70.64,84.54,78.24,79.17,73.13
11042-0007-2,once through,2.0,"Economizer, นำคอนเดนเสทกลับมาใช้",5.0,Biogas,Gas, แบบผสมเชื้อเพลิงกับอากาศก่อนป้อนเข้าเผาไหม้ (Pre-mix Burner) ,,7.80,1359.00,85.50,92.00,1449.00,86.28,,7.80,1350.00,85.50,95.00,1460.00,86.28,195.80,20350.00,16.26,0.0,0.0,0.0,0.16,0.89,27.84,0.0,0.0,0.0,0.14,0.77,195.80,20350.00,11.44,0.0,0.0,0.0,0.16,0.89,23.68,0.0,0.0,0.0,0.14,0.77,192.20,20350.00,14.65,0.0,0.0,0.0,0.16,0.91,26.44,0.0,0.0,0.0,0.14,0.78,10.10,182.00,8.00,8.91,181.00,4.00,19.31,0.00,0.00,0.00,0.00,0.00,69770.64,0.00,0.00,0.00,0.00,0.00,35000.00,0.00,0.00,0.00,0.00,0.00,6.68,0.00,0.00,0.00,0.00,-0.08,24148.850000000002,0.00,0.00,0.00,0.00,-299.99,0.00,0.00,0.00,0.00,0.00,0.00,,0.00,0.0,0.00,0.00,0.00,0.00,0.00,0.0,0.00,0.00,0.00,0.00,,0.00,0.0,0.00,0.00,0.00,0.00,0.00,0.0,0.00,0.00,0.00,0.00,,0.00,0.0,0.00,0.00,0.00,0.00,0.00,0.0,0.00,0.00,0.00,0.00,82.69,71.25,87.51,75.41,84.28,72.64
11042-0004-1,fire tube,6.0,"นำคอนเดนเสทกลับมาใช้, Oil Heater",26.0,น้ำมันเตา C,Liquid,แบบใช้แรงเหวี่ยงของถ้วยหมุน (Rotary Cup)  ,,7.00,1494.80,87.00,90.00,2776.00,113.37,,7.00,2841.84,87.00,79.00,1042.00,113.37,103.50,43193.79,15.58,0.0,0.55,0.0,1.88,0.89,20.19,0.0,0.52,0.0,1.77,0.84,103.50,43192.79,6.56,0.0,0.01,0.0,0.86,0.3,11.66,0.0,0.01,0.0,0.81,0.28,197.50,43193.79,13.93,0.0,0.01,0.0,0.49,0.46,18.63,0.0,0.01,0.0,0.47,0.44,12.78,203.40,679.28,9.67,235.00,19.68,90.68,0.00,5.42,0.00,10.24,5.93,1707384.7,0.00,102102.74,0.00,192860.74,111556.70,30000.00,0.00,30000.00,0.00,30000.00,0.00,18.07,0.00,5.88,0.00,15.13,4.68,340224.14,0.00,110675.38,0.00,284886.63,88130.39,0.00,0.00,0.00,0.00,0.00,0.00,,0.00,0.0,0.00,0.00,0.00,0.00,0.00,0.0,0.00,0.00,0.00,0.00,,0.00,0.0,0.00,0.00,0.00,0.00,0.00,0.0,0.00,0.00,0.00,0.00,,0.00,0.0,0.00,0.00,0.00,0.00,0.00,0.0,0.00,0.00,0.00,0.00,81.10000000000001,76.68,92.27,87.24,85.11,80.45
11042-0004-3,fire tube,6.0,"นำคอนเดนเสทกลับมาใช้, Oil Heater",18.0,น้ำมันเตา C,Liquid,แบบใช้แรงเหวี่ยงของถ้วยหมุน (Rotary Cup)  ,0.00,7.00,2629.71,92.00,90.00,3862.00,199.45,,7.88,1857.00,74.00,63.00,945.00,123.80,173.68,43193.79,10.82,0.0,0.65,0.0,0.38,0.87,15.69,0.0,0.61,0.0,0.36,0.82,173.68,43193.79,6.63,0.0,0.0,0.0,0.24,0.26,11.73,0.0,0.0,0.0,0.23,0.25,130.58,43193.79,9.71,0.0,0.56,0.0,0.36,0.94,14.64,0.0,0.53,0.0,0.34,0.89,7.91,218.60,1292.89,7.20,202.39,1177.90,41.760000000000005,0.00,6.48,0.00,1.40,6.08,786353.8000000002,0.00,121988.06,0.00,26274.35,114481.11,30000.00,0.00,0.00,0.00,30000.00,0.00,11.63,0.00,0.94,0.00,0.21,-0.73,219033.06999999998,0.00,17759.44,0.00,3946.54,-13812.90,0.00,0.00,0.00,0.00,0.00,0.00,,0.00,0.0,0.00,0.00,0.00,0.00,0.00,0.0,0.00,0.00,0.00,0.00,,0.00,0.0,0.00,0.00,0.00,0.00,0.00,0.0,0.00,0.00,0.00,0.00,,0.00,0.0,0.00,0.00,0.00,0.00,0.00,0.0,0.00,0.00,0.00,0.00,87.28,82.52000000000001,92.87,87.78999999999999,88.42999999999999,83.6
23922-0009-1,water tube,16.0,Economizer,14.0,ก๊าซธรรมชาติ,Gas, แบบผสมเชื้อเพลิงกับอากาศก่อนป้อนเข้าเผาไหม้ (Pre-mix Burner) ,10500.00,11.50,10500.00,100.00,150.00,1350.00,23.60,5600.00,11.50,5600.00,100.00,96.00,1260.00,21.20,580.23,50000.00,11.34,0.0,0.0,0.0,0.23,0.03,23.3,0.0,0.0,0.0,0.19,0.03,580.23,50000.00,10.69,0.0,0.0,0.0,0.23,0.03,22.75,0.0,0.0,0.0,0.19,0.03,301.63,51350.00,13.56,0.0,0.0,0.0,0.41,0.05,24.92,0.0,0.0,0.0,0.35,0.05,4.50,210.00,17.30,2.90,269.60,16.00,53.75,0.00,0.00,0.00,0.00,0.00,685243.36,0.00,0.00,0.00,0.00,0.00,0.00,0.00,0.00,0.00,0.00,0.00,-4428.310000000005,0.00,0.00,0.00,3790.05,421.12,-56361269.879999995,0.00,0.00,0.00,48309659.85,5367739.98,0.00,0.00,0.00,0.00,0.00,0.00,,0.00,0.0,0.00,0.00,0.00,0.00,0.00,0.0,0.00,0.00,0.00,0.00,,0.00,0.0,0.00,0.00,0.00,0.00,0.00,0.0,0.00,0.00,0.00,0.00,,0.00,0.0,0.00,0.00,0.00,0.00,0.00,0.0,0.00,0.00,0.00,0.00,88.39999999999999,76.48,89.05,77.03,85.98,74.68
23922-0009-2,water tube,16.0,Economizer,14.0,ก๊าซธรรมชาติ,Gas, แบบผสมเชื้อเพลิงกับอากาศก่อนป้อนเข้าเผาไหม้ (Pre-mix Burner) ,6500.00,11.50,6500.00,100.00,89.00,1450.00,20.30,11490.00,11.50,11490.00,100.00,86.00,1290.00,22.60,382.37,50000.00,18.19,0.0,0.0,0.0,0.36,0.04,29.24,0.0,0.0,0.0,0.31,0.03,382.37,50000.00,13.02,0.0,0.03,0.0,0.36,0.0,24.76,0.0,0.03,0.0,0.31,0.0,657.24,50000.00,13.0,0.0,0.03,0.0,0.19,0.02,24.74,0.0,0.03,0.0,0.16,0.02,7.39,270.00,0.00,1.40,269.60,100.00,20.53,0.00,-0.12,0.00,0.00,0.16,261703.27999999994,0.00,-1518.59,0.00,0.00,2024.78,30000.00,0.00,0.00,0.00,0.00,0.00,20.560000000000002,0.00,-0.12,0.00,0.67,0.08,262024.15999999997,0.00,-1514.59,0.00,8582.68,1009.73,30000.00,30000.00,0.00,0.00,0.00,0.00,,0.00,0.0,0.00,0.00,0.00,0.00,0.00,0.0,0.00,0.00,0.00,0.00,,0.00,0.0,0.00,0.00,0.00,0.00,0.00,0.0,0.00,0.00,0.00,0.00,,0.00,0.0,0.00,0.00,0.00,0.00,0.00,0.0,0.00,0.00,0.00,0.00,81.41,70.42,86.59,74.89999999999999,86.76,75.05000000000001
10801-0038-1,hybrid,8.0,"นำคอนเดนเสทกลับมาใช้, Economizer",1.0,ซังข้าวโพด ไม้สับ,Solid,  underfeed stoker,3334.06,7.00,3350.00,50.00,90.80,2710.00,15.94,3334.00,7.00,3350.00,50.00,90.80,2710.00,15.94,950.00,19217.00,14.56,0.0,1.2,0.26,0.43,0.07,28.7,0.0,1.15,0.25,0.41,0.07,950.00,19217.00,9.11,0.0,0.71,0.26,0.28,0.07,23.49,0.0,0.67,0.25,0.27,0.07,950.00,19217.00,14.56,0.0,0.6,0.17,0.43,0.07,28.69,0.0,0.58,0.16,0.41,0.07,13.94,162.17,1327.44,13.94,162.00,668.00,255.64000000000001,0.00,22.98,0.00,7.04,0.00,1312763.47,0.00,118028.28,0.00,36131.10,0.00,0.00,0.00,0.00,0.00,20000.00,0.00,0.00,0.00,29.63,4.44,0.00,0.00,0.00,0.00,152168.47,22825.27,0.00,0.00,0.00,0.00,0.00,0.00,0.00,0.00,,0.00,0.0,0.00,0.00,0.00,0.00,0.00,0.0,0.00,0.00,0.00,0.00,,0.00,0.0,0.00,0.00,0.00,0.00,0.00,0.0,0.00,0.00,0.00,0.00,,0.00,0.0,0.00,0.00,0.00,0.00,0.00,0.0,0.00,0.00,0.00,0.00,83.47999999999999,69.42,89.57000000000001,75.25000000000001,84.17,70.09000000000002
29309-1130-1,once through,2.0,นำคอนเดนเสทกลับมาใช้,2.0,LPG,Gas, แบบผสมเชื้อเพลิงกับอากาศก่อนป้อนเข้าเผาไหม้ (Pre-mix Burner) ,321.65,8.00,,95.00,321.00,1551.00,100.00,321.65,8.00,321.65,101.00,193.00,1600.00,66.56,16.72,54906.00,16.37,0.0,0.03,0.0,0.04,1.8,24.25,0.0,0.03,0.0,0.04,1.63,16.72,54906.00,7.3,0.0,0.01,0.0,0.04,0.53,16.04,0.0,0.01,0.0,0.04,0.48,16.72,54906.00,7.04,0.0,0.03,0.0,0.01,1.19,15.8,0.0,0.02,0.0,0.01,1.08,14.13,188.02,37.60,3.78,191.30,87.31,5.73,0.00,0.01,0.00,0.00,0.80,95753.95,0.00,210.91,0.00,0.00,13392.90,20000.00,0.00,0.00,0.00,0.00,10000.00,5.910000000000001,0.00,0.00,0.00,0.02,0.39,98887.79,0.00,0.00,0.00,317.63,6458.42,0.00,0.00,0.00,0.00,0.00,0.00,,0.00,0.0,0.00,0.00,0.00,0.00,0.00,0.0,0.00,0.00,0.00,0.00,,0.00,0.0,0.00,0.00,0.00,0.00,0.00,0.0,0.00,0.00,0.00,0.00,,0.00,0.0,0.00,0.00,0.00,0.00,0.00,0.0,0.00,0.00,0.00,0.00,81.75999999999999,74.05,92.11999999999999,83.42999999999999,91.72999999999999,83.09
35101-1118-1,water tube,50.0,"Economizer, Air Heater",3.0,เศษไม้ยางพาราสับ,Solid,  overfeed stoker (Step/pushing/dumping Grate Stoker),48705.88,56.43,49656.00,115.00,0.60,40.00,306.20,48700.00,56.21,49000.00,115.00,0.60,40.00,306.20,16600.00,19230.00,6.07,1.16,0.02,0.05,0.68,0.11,20.47,1.11,0.01,0.05,0.65,0.11,16600.00,19230.00,5.67,1.16,0.01,0.05,0.68,0.11,20.1,1.11,0.01,0.05,0.65,0.11,16600.00,19230.00,5.69,1.16,0.01,0.05,0.68,0.11,20.11,1.11,0.01,0.05,0.65,0.1,6.23,134.90,47.31,5.61,132.00,47.53,173.92000000000002,0.00,4.35,0.00,0.00,0.00,659992.37,0.00,16499.81,0.00,0.00,0.00,0.00,0.00,0.00,0.00,0.00,0.00,165.79999999999998,0.00,4.36,0.00,0.00,0.00,629185.03,0.00,16557.50,0.00,0.00,0.00,0.00,0.00,0.00,0.00,0.00,0.00,,0.00,0.0,0.00,0.00,0.00,0.00,0.00,0.0,0.00,0.00,0.00,0.00,,0.00,0.0,0.00,0.00,0.00,0.00,0.00,0.0,0.00,0.00,0.00,0.00,,0.00,0.0,0.00,0.00,0.00,0.00,0.00,0.0,0.00,0.00,0.00,0.00,91.91000000000001,77.6,92.32,77.97,92.3,77.97
10212-1005-1,fire tube,3.0,นำคอนเดนเสทกลับมาใช้,12.0,น้ำมันเตา ชนิด C,Liquid,แบบใช้ความดันน้ำมัน (Pressure Atomized)  ,1300.00,6.50,1300.00,40.00,102.00,766.00,19.20,800.00,6.50,800.00,40.00,76.00,463.00,21.50,122.50,41700.00,8.09,0.0,0.09,0.0,0.27,0.1,14.04,0.0,0.08,0.0,0.25,0.09,122.50,41700.00,7.68,0.0,0.08,0.0,0.27,0.1,13.65,0.0,0.08,0.0,0.25,0.09,63.00,41700.00,6.72,0.0,0.06,0.0,0.54,0.45,12.76,0.0,0.06,0.0,0.5,0.42,4.80,191.00,223.00,2.30,182.00,184.00,0.94,0.00,0.02,0.00,0.00,0.00,17913.63,0.00,436.92,0.00,0.00,0.00,0.00,0.00,0.00,0.00,0.00,0.00,3.16,0.00,0.07,0.00,-0.62,-0.81,60164.68,0.00,1317.48,0.00,-11857.30,-15370.57,0.00,0.00,0.00,0.00,0.00,0.00,น้ำมันเตา C,0.00,0.0,0.00,0.00,0.00,0.00,0.00,0.0,0.00,0.00,0.00,0.00,,0.00,0.0,0.00,0.00,0.00,0.00,0.00,0.0,0.00,0.00,0.00,0.00,,0.00,0.0,0.00,0.00,0.00,0.00,0.00,0.0,0.00,0.00,0.00,0.00,91.45,85.54,91.87,85.92999999999999,92.22999999999999,86.25999999999999
10212-1005-2,fire tube,3.0,"นำคอนเดนเสทกลับมาใช้, Economizer",12.0,น้ำมันเตา ชนิด C,Liquid,แบบใช้ความดันน้ำมัน (Pressure Atomized)  ,650.00,6.50,550.00,40.00,85.00,560.00,22.40,700.00,6.50,450.00,100.00,74.00,562.00,19.90,61.25,41700.00,7.3,0.0,0.08,0.0,0.61,0.24,13.3,0.0,0.08,0.0,0.57,0.23,61.25,41700.00,6.54,0.0,0.03,0.0,0.61,0.24,12.59,0.0,0.03,0.0,0.57,0.23,52.50,41700.00,7.09,0.0,0.02,0.0,0.66,0.25,13.1,0.0,0.02,0.0,0.61,0.24,5.50,170.00,195.00,3.70,180.50,56.00,1.74,0.00,0.12,0.00,0.00,0.00,33287.700000000004,0.00,2189.99,0.00,0.00,0.00,0.00,0.00,0.00,0.00,0.00,0.00,0.47,0.00,0.13,0.00,-0.11,-0.02,8971.219999999998,0.00,2563.26,0.00,-2136.05,-427.21,0.00,0.00,0.00,0.00,0.00,0.00,น้ำมันเตา C,0.00,0.0,0.00,0.00,0.00,0.00,0.00,0.0,0.00,0.00,0.00,0.00,,0.00,0.0,0.00,0.00,0.00,0.00,0.00,0.0,0.00,0.00,0.00,0.00,,0.00,0.0,0.00,0.00,0.00,0.00,0.00,0.0,0.00,0.00,0.00,0.00,91.77000000000001,85.82000000000001,92.58,86.58,91.98,86.03000000000002
10501-0003-1,fire tube,14.0,"Economizer, นำคอนเดนเสทกลับมาใช้",25.0,ก๊าซธรรมชาติ,Gas, แบบผสมกันภายในหัวเผา (Nozzle-mix burner) ,,9.70,8583.00,110.00,40.00,1652.00,207.82,,9.70,8710.00,110.00,40.00,1450.00,207.82,535.20,47276.00,13.42,0.0,0.04,0.0,0.12,0.27,23.72,0.0,0.04,0.0,0.1,0.24,535.20,47276.00,9.7,0.0,0.0,0.0,0.12,0.27,20.44,0.0,0.0,0.0,0.1,0.24,530.00,47276.00,11.37,0.0,0.0,0.0,0.12,0.27,21.91,0.0,0.0,0.0,0.1,0.24,8.94,198.00,75.00,6.26,199.00,0.00,88.58,0.00,0.95,0.00,0.00,0.00,1213787.03,0.00,13051.47,0.00,0.00,0.00,0.00,0.00,0.00,0.00,0.00,0.00,49.58,0.00,0.97,0.00,0.00,0.00,679407.98,0.00,13256.74,0.00,0.00,0.00,0.00,0.00,0.00,0.00,0.00,0.00,,0.00,0.0,0.00,0.00,0.00,0.00,0.00,0.0,0.00,0.00,0.00,0.00,,0.00,0.0,0.00,0.00,0.00,0.00,0.00,0.0,0.00,0.00,0.00,0.00,,0.00,0.0,0.00,0.00,0.00,0.00,0.00,0.0,0.00,0.00,0.00,0.00,86.14999999999999,75.9,89.91,79.22000000000001,88.24,77.75000000000001
10501-0003-2,fire tube,10.0,นำคอนเดนเสทกลับมาใช้,22.0,ก๊าซธรรมชาติ,Gas, แบบผสมกันภายในหัวเผา (Nozzle-mix burner) ,,8.80,5419.00,95.00,40.00,2148.00,100.91,,8.80,5710.00,95.00,40.00,2150.00,100.91,377.17,47276.00,15.3,0.0,0.03,0.0,0.19,0.21,25.38,0.0,0.03,0.0,0.17,0.19,377.17,47276.00,9.64,0.0,0.0,0.0,0.2,0.21,20.39,0.0,0.0,0.0,0.17,0.19,377.17,47276.00,10.84,0.0,0.0,0.0,0.19,0.21,21.45,0.0,0.0,0.0,0.17,0.19,10.60,195.00,52.00,6.10,194.00,0.00,66.48,0.00,0.35,0.00,-0.12,0.00,910872.83,0.00,4827.95,0.00,-1609.32,0.00,0.00,0.00,0.00,0.00,0.00,0.00,53.02,0.00,0.36,0.00,0.00,0.00,726674.9,0.00,4887.95,0.00,0.00,0.00,0.00,0.00,0.00,0.00,0.00,0.00,,0.00,0.0,0.00,0.00,0.00,0.00,0.00,0.0,0.00,0.00,0.00,0.00,,0.00,0.0,0.00,0.00,0.00,0.00,0.00,0.0,0.00,0.00,0.00,0.00,,0.00,0.0,0.00,0.00,0.00,0.00,0.00,0.0,0.00,0.00,0.00,0.00,84.27000000000001,74.23,89.95,79.25,88.76,78.19
10722-0012-2,water tube,80.0,นำคอนเดนเสทกลับมาใช้,43.0,ชานอ้อย,Solid,  overfeed stoker (Fixed/Inclined Grate) - Auto Feed,69400.00,20.00,,94.65,50.00,459.00,6263.61,62000.00,21.01,,94.65,50.00,459.00,6263.61,28803.33,14983.28,47.2,0.0,0.37,0.0,0.31,0.81,52.12,0.0,0.33,0.0,0.28,0.74,28803.33,14983.28,29.63,0.0,0.22,0.0,0.03,0.1,36.19,0.0,0.2,0.0,0.03,0.09,25500.00,14983.28,29.02,0.0,0.22,0.0,0.35,0.92,35.64,0.0,0.2,0.0,0.31,0.83,17.30,234.86,180.00,15.00,225.60,180.00,6138.839999999999,0.00,52.38,0.00,97.77,247.93,28631883.71,0.00,244299.35,0.00,456025.45,1156350.25,0.00,0.00,0.00,0.00,500000.00,0.00,6.010000000000218,0.00,52.78,0.00,-14.08,-38.71,29838409.92,0.00,246191.50,0.00,-65651.07,-180540.43,0.00,0.00,0.00,0.00,0.00,0.00,,0.00,0.0,0.00,0.00,0.00,0.00,0.00,0.0,0.00,0.00,0.00,0.00,,0.00,0.0,0.00,0.00,0.00,0.00,0.00,0.0,0.00,0.00,0.00,0.00,,0.00,0.0,0.00,0.00,0.00,0.00,0.00,0.0,0.00,0.00,0.00,0.00,51.309999999999995,46.53,70.02000000000001,63.489999999999995,69.49000000000001,63.019999999999996
10722-0012-3,water tube,80.0,นำคอนเดนเสทกลับมาใช้,43.0,ชานอ้อย,Solid,  overfeed stoker (Fixed/Inclined Grate) - Auto Feed,60200.00,20.00,,94.65,50.00,252.00,11785.71,67500.00,21.01,,94.65,50.00,252.00,11785.71,22023.75,14983.28,39.64,0.0,0.32,0.0,0.37,2.01,45.27,0.0,0.29,0.0,0.34,1.82,22023.75,14983.28,30.08,0.0,0.24,0.0,0.04,0.14,36.6,0.0,0.22,0.0,0.04,0.13,24500.00,14983.28,32.4,0.0,0.25,0.0,0.34,1.81,38.7,0.0,0.23,0.0,0.3,1.64,16.50,237.96,192.00,15.30,237.96,192.50,2571.24,0.00,21.52,0.00,88.76,502.95,11992432.760000002,0.00,100355.09,0.00,413964.73,2345800.13,0.00,0.00,0.00,0.00,500000.00,0.00,-84.03999999999996,0.00,20.08,0.00,8.60,57.36,9671899.15,0.00,93642.18,0.00,40132.36,267549.08,0.00,0.00,0.00,0.00,0.00,0.00,,0.00,0.0,0.00,0.00,0.00,0.00,0.00,0.0,0.00,0.00,0.00,0.00,,0.00,0.0,0.00,0.00,0.00,0.00,0.00,0.0,0.00,0.00,0.00,0.00,,0.00,0.0,0.00,0.00,0.00,0.00,0.00,0.0,0.00,0.00,0.00,0.00,57.660000000000004,52.279999999999994,69.5,63.01,65.19999999999999,59.13
10722-0012-4,water tube,80.0,นำคอนเดนเสทกลับมาใช้,43.0,ชานอ้อย,Solid,  overfeed stoker (Fixed/Inclined Grate) - Auto Feed,73200.00,20.00,,94.65,50.00,306.00,10277.77,72800.00,21.01,,94.65,50.00,306.00,10277.77,27706.25,14983.28,42.55,0.0,0.42,0.0,0.28,1.39,47.91,0.0,0.38,0.0,0.25,1.26,27706.25,14983.28,25.27,0.0,0.24,0.0,0.03,0.12,32.24,0.0,0.22,0.0,0.03,0.11,27500.00,14983.28,27.08,0.0,0.24,0.0,0.28,1.4,33.88,0.0,0.21,0.0,0.25,1.27,17.50,205.86,195.00,14.80,218.70,195.00,5467.739999999999,0.00,56.96,0.00,79.10,401.85,25501826.07,0.00,265644.02,0.00,368950.03,1874266.15,0.00,0.00,0.00,0.00,500000.00,0.00,-51.30999999999949,0.00,59.62,0.00,0.00,-3.31,23897023.69,0.00,278051.99,0.00,0.00,-15447.33,0.00,0.00,0.00,0.00,0.00,0.00,,0.00,0.0,0.00,0.00,0.00,0.00,0.00,0.0,0.00,0.00,0.00,0.00,,0.00,0.0,0.00,0.00,0.00,0.00,0.00,0.0,0.00,0.00,0.00,0.00,,0.00,0.0,0.00,0.00,0.00,0.00,0.00,0.0,0.00,0.00,0.00,0.00,55.36,50.2,74.34,67.39999999999999,71.0,64.39000000000001
10774-0009-1,fire tube,17.5,"Air Heater, Economizer, นำคอนเดนเสทกลับมาใช้",10.0,แกลบ,Solid,  overfeed stoker (Fixed/Inclined Grate) - Auto Feed,14275.00,13.80,14300.00,136.50,1.60,547.00,41.83,15200.00,13.71,15230.00,138.50,2.00,1027.00,29.66,2745.00,17156.17,8.36,0.0,0.19,1.79,0.2,0.02,15.96,0.0,0.18,1.68,0.19,0.02,2745.00,17156.17,6.07,0.0,0.11,1.8,0.2,0.0,13.44,0.0,0.1,1.68,0.19,0.0,2900.00,17156.17,6.51,0.0,0.05,1.79,0.19,0.01,14.22,0.0,0.05,1.68,0.18,0.01,11.00,152.00,337.00,8.00,153.66,126.00,216.13,0.00,7.38,-0.92,0.00,1.85,988143.4400000001,0.00,34520.29,-4315.04,0.00,8630.07,0.00,0.00,0.00,0.00,0.00,0.00,170.95000000000002,0.00,12.94,0.00,0.92,0.92,799247.86,0.00,60483.62,0.00,4320.26,4320.26,0.00,0.00,0.00,0.00,0.00,0.00,,0.00,0.0,0.00,0.00,0.00,0.00,0.00,0.0,0.00,0.00,0.00,0.00,,0.00,0.0,0.00,0.00,0.00,0.00,0.00,0.0,0.00,0.00,0.00,0.00,,0.00,0.0,0.00,0.00,0.00,0.00,0.00,0.0,0.00,0.00,0.00,0.00,89.44,81.96999999999998,91.82000000000001,84.59,91.44999999999999,83.85999999999999
10774-0009-2,fire tube,17.5,"Air Heater, Economizer, นำคอนเดนเสทกลับมาใช้",10.0,แกลบ,Solid,  overfeed stoker (Fixed/Inclined Grate) - Auto Feed,16556.76,13.24,16583.33,144.70,1.60,546.00,48.60,15750.00,13.56,15775.00,146145.50,2.00,1030.00,24.50,3171.54,17156.17,6.75,0.0,0.14,1.62,0.27,0.02,14.07,0.0,0.13,1.51,0.26,0.01,3171.54,17156.17,12.21,0.0,0.12,1.62,0.27,0.0,19.19,0.0,0.11,1.51,0.26,0.0,3000.00,17156.17,6.62,0.0,0.07,1.62,0.29,0.01,13.96,0.0,0.07,1.51,0.27,0.01,8.70,150.00,316.00,7.90,156.90,177.00,1475.350000000035,0.00,-983.57,0.00,0.00,-983.57,6750592.619999886,0.00,-4500395.09,0.00,0.00,-4500395.09,0.00,0.00,0.00,0.00,0.00,0.00,10.649999999999999,0.00,5.73,0.00,-1.64,0.82,48721.80,0.00,26234.81,0.00,-7495.66,3747.83,0.00,0.00,0.00,0.00,0.00,0.00,,0.00,0.0,0.00,0.00,0.00,0.00,0.00,0.0,0.00,0.00,0.00,0.00,,0.00,0.0,0.00,0.00,0.00,0.00,0.00,0.0,0.00,0.00,0.00,0.00,,0.00,0.0,0.00,0.00,0.00,0.00,0.00,0.0,0.00,0.00,0.00,0.00,91.2,84.02,85.77999999999999,78.92999999999999,91.38999999999999,84.17999999999999
10774-0009-3,fire tube,17.5,"Air Heater, Economizer, นำคอนเดนเสทกลับมาใช้",10.0,แกลบ,Solid,  overfeed stoker (Fixed/Inclined Grate) - Auto Feed,16481.11,13.69,16500.00,136.00,1.60,1024.00,25.78,15489.61,13.91,15574.00,142.00,2.00,1058.00,23.55,3140.42,17156.17,12.63,0.0,0.21,1.32,0.17,0.01,19.58,0.0,0.19,1.24,0.16,0.01,3140.42,17156.17,11.15,0.0,0.09,1.32,0.17,0.0,18.19,0.0,0.08,1.24,0.16,0.0,2900.00,17156.17,6.71,0.0,0.04,1.31,0.19,0.01,14.41,0.0,0.04,1.23,0.18,0.01,14.50,149.50,237.00,7.70,156.00,102.00,138.51000000000002,0.00,11.23,0.00,0.00,0.94,633781.58,0.00,51387.70,0.00,0.00,4282.31,0.00,0.00,0.00,0.00,0.00,0.00,516.28,0.00,15.16,0.89,-1.78,0.00,2415249.92,0.00,69356.84,4079.81,-8159.63,0.00,0.00,0.00,0.00,0.00,0.00,0.00,,0.00,0.0,0.00,0.00,0.00,0.00,0.00,0.0,0.00,0.00,0.00,0.00,,0.00,0.0,0.00,0.00,0.00,0.00,0.00,0.0,0.00,0.00,0.00,0.00,,0.00,0.0,0.00,0.00,0.00,0.00,0.00,0.0,0.00,0.00,0.00,0.00,85.66000000000001,78.82000000000001,87.27,80.33000000000001,91.74,84.12999999999998
10774-0009-4,fire tube,17.5,"Air Heater, Economizer, นำคอนเดนเสทกลับมาใช้",10.0,แกลบ,Solid,  overfeed stoker (Fixed/Inclined Grate) - Auto Feed,16854.94,13.35,16875.00,139.80,1.60,550.00,49.09,12850.00,13.21,12873.00,144.00,2.00,1155.00,22.29,3143.04,17156.17,7.57,0.0,0.14,2.62,0.2,0.02,15.21,0.0,0.13,2.46,0.19,0.02,3143.04,17156.17,9.77,0.0,0.06,2.63,0.2,0.0,16.9,0.0,0.06,2.46,0.18,0.0,2300.00,17156.17,6.99,0.0,0.09,2.62,0.28,0.01,14.67,0.0,0.08,2.46,0.26,0.01,9.60,154.30,288.00,9.52,151.80,196.00,1528.0999999999985,0.00,-1532.29,191.54,0.00,-383.07,7164045.230000019,0.00,-7164045.25,895505.66,0.00,-1791011.31,0.00,0.00,0.00,0.00,0.00,0.00,50.81999999999999,0.00,4.38,0.00,-7.01,0.88,237620.88999999998,0.00,20484.56,0.00,-32775.30,4096.91,0.00,0.00,0.00,0.00,0.00,0.00,,0.00,0.0,0.00,0.00,0.00,0.00,0.00,0.0,0.00,0.00,0.00,0.00,,0.00,0.0,0.00,0.00,0.00,0.00,0.00,0.0,0.00,0.00,0.00,0.00,,0.00,0.0,0.00,0.00,0.00,0.00,0.00,0.0,0.00,0.00,0.00,0.00,89.45,81.99000000000001,87.34,80.39999999999999,90.00999999999999,82.52
10774-0009-5,fire tube,17.5,"Air Heater, Economizer, นำคอนเดนเสทกลับมาใช้",6.0,แกลบ,Solid,  overfeed stoker (Fixed/Inclined Grate) - Auto Feed,16378.89,13.81,16416.66,140.00,1.60,489.00,53.71,16200.00,13.76,,141.50,2.00,1228.00,26.43,2984.79,17156.17,10.97,0.0,0.2,1.57,0.21,0.02,18.03,0.0,0.19,1.47,0.2,0.02,2984.79,17156.17,10.31,0.0,0.1,1.57,0.21,0.0,17.41,0.0,0.09,1.47,0.2,0.0,2900.00,17156.17,6.13,0.0,0.04,1.56,0.22,0.01,13.87,0.0,0.04,1.46,0.21,0.01,13.10,156.70,281.00,7.20,155.10,122.00,59.56000000000001,0.00,9.03,0.00,0.00,1.81,272586.11,0.00,41300.93,0.00,0.00,8260.19,0.00,0.00,0.00,0.00,0.00,0.00,411.17,0.00,13.90,0.87,-0.87,0.87,1923881.2800000003,0.00,63599.38,3974.96,-3974.96,3974.96,0.00,0.00,0.00,0.00,0.00,0.00,,0.00,0.0,0.00,0.00,0.00,0.00,0.00,0.0,0.00,0.00,0.00,0.00,,0.00,0.0,0.00,0.00,0.00,0.00,0.00,0.0,0.00,0.00,0.00,0.00,,0.00,0.0,0.00,0.00,0.00,0.00,0.00,0.0,0.00,0.00,0.00,0.00,87.03000000000002,80.09,87.81000000000002,80.83,92.03999999999999,84.41
10211-0013-1,fire tube,12.0,นำคอนเดนเสทกลับมาใช้,15.0,ไม้ฟืน,Solid,  overfeed stoker (Fixed/Inclined Grate) - ใช้แรงงานคน,0.00,8.00,7190.46,92.40,225.00,7837.00,206.43,0.00,8.00,2407.73,92.40,267.00,5280.00,371.57,1037.98,22711.15,26.39,0.0,3.99,0.07,2.68,0.35,33.96,0.0,3.71,0.06,2.5,0.33,1037.98,22711.15,11.67,0.0,1.5,0.07,0.16,0.29,20.26,0.0,1.39,0.06,0.15,0.27,347.57,22711.15,17.51,0.0,2.69,0.07,4.13,1.91,25.69,0.0,2.5,0.06,3.84,1.78,17.02,166.08,2334.89,15.60,152.30,2141.50,399.0200000000001,0.00,67.50,0.00,68.31,1.63,1133089.7899999998,0.00,191670.76,0.00,193980.05,4618.57,0.00,0.00,0.00,0.00,0.00,0.00,281.76,0.00,41.25,0.00,-46.01,-49.50,800106.4500000001,0.00,117132.70,0.00,-130648.01,-140559.24,0.00,0.00,0.00,0.00,0.00,0.00,,0.00,0.0,0.00,0.00,0.00,0.00,0.00,0.0,0.00,0.00,0.00,0.00,ขี้เลื่อย,0.00,0.0,0.00,0.00,0.00,0.00,0.00,0.0,0.00,0.00,0.00,0.00,ขี้เลื่อย,0.00,0.0,0.00,0.00,0.00,0.00,0.00,0.0,0.00,0.00,0.00,0.00,66.52000000000001,59.43999999999999,86.31,77.86999999999999,73.69000000000001,66.13
10309-1001-1,fire tube,6.0,นำคอนเดนเสทกลับมาใช้,11.0,กะลามะพร้าวและกะลาปาล์ม,Solid,  overfeed stoker (Fixed/Inclined Grate) - ใช้แรงงานคน,,9.00,3942.00,95.00,110.00,1763.00,78.25,,9.00,3980.00,95.00,110.00,1750.00,78.25,764.20,20515.05,18.69,0.0,0.18,0.26,0.93,0.23,27.0,0.0,0.17,0.25,0.89,0.22,764.20,20515.05,12.62,0.0,0.05,0.26,0.93,0.23,21.18,0.0,0.05,0.25,0.89,0.22,764.20,20515.05,16.39,0.0,0.06,0.26,0.93,0.23,24.79,0.0,0.06,0.25,0.89,0.22,12.55,250.00,259.00,11.20,252.00,108.00,162.06,0.00,3.47,0.00,0.00,0.00,905944.6699999999,0.00,19370.53,0.00,0.00,0.00,0.00,0.00,0.00,0.00,0.00,0.00,64.28999999999999,0.00,3.34,0.00,0.00,0.00,359401.77999999997,0.00,18670.22,0.00,0.00,0.00,0.00,0.00,0.00,0.00,0.00,0.00,,0.00,0.0,0.00,0.00,0.00,0.00,0.00,0.0,0.00,0.00,0.00,0.00,,0.00,0.0,0.00,0.00,0.00,0.00,0.00,0.0,0.00,0.00,0.00,0.00,,0.00,0.0,0.00,0.00,0.00,0.00,0.00,0.0,0.00,0.00,0.00,0.00,79.70999999999998,71.47,85.90999999999998,77.41,82.12999999999998,73.79
10309-1001-2,fire tube,6.0,นำคอนเดนเสทกลับมาใช้,11.0,กะลามะพร้าวและกะลาปาล์ม,Solid,  overfeed stoker (Traveling Grate) - ใช้แรงงานคน,,9.00,3442.00,95.00,110.00,1650.00,62.58,,9.00,3460.00,95.00,110.00,1640.00,62.58,682.10,20515.05,21.21,0.0,0.2,0.45,1.3,0.21,29.56,0.0,0.19,0.43,1.24,0.2,682.10,20515.05,12.27,0.0,0.05,0.45,0.87,0.21,20.99,0.0,0.05,0.43,0.83,0.2,680.00,20515.05,16.26,0.0,0.15,0.45,1.3,0.21,24.82,0.0,0.15,0.43,1.25,0.2,13.80,246.00,246.00,11.50,245.00,250.00,94.20,0.00,1.58,0.00,4.53,0.00,584428.3500000001,0.00,9805.85,0.00,28110.09,0.00,0.00,0.00,0.00,0.00,0.00,0.00,54.989999999999995,0.00,0.56,0.00,0.00,0.00,341236.16,0.00,3446.83,0.00,0.00,0.00,0.00,0.00,0.00,0.00,0.00,0.00,,0.00,0.0,0.00,0.00,0.00,0.00,0.00,0.0,0.00,0.00,0.00,0.00,,0.00,0.0,0.00,0.00,0.00,0.00,0.00,0.0,0.00,0.00,0.00,0.00,,0.00,0.0,0.00,0.00,0.00,0.00,0.00,0.0,0.00,0.00,0.00,0.00,76.63,68.38,86.15,77.5,81.63,73.14999999999999
29309-0054-1,fire tube,3.0,นำคอนเดนเสทกลับมาใช้,14.0,ชีวมวลอัดเมล็ด,Solid,  แบบลอยตัว (Suspension),,4.87,792.54,50.00,364.00,4089.00,70.55,,4.24,922.70,62.33,136.00,1930.00,65.01,118.68,19213.27,13.15,0.0,0.99,0.06,3.05,1.52,20.42,0.0,0.93,0.05,2.85,1.42,118.68,19213.27,8.69,0.0,0.47,0.0,1.72,1.2,16.26,0.0,0.43,0.0,1.61,1.12,132.22,19213.27,11.33,0.0,0.68,0.0,0.74,1.04,18.73,0.0,0.63,0.0,0.69,0.97,12.73,180.11,1348.00,11.08,195.23,1107.50,9.21,0.00,1.07,0.12,2.74,0.66,75628.48,0.00,8817.67,1017.42,22552.90,5426.26,30000.00,0.00,30000.00,0.00,0.00,0.00,3.8200000000000003,0.00,0.65,0.13,4.86,1.01,31476.080000000016,0.00,5361.32,1037.67,39950.45,8301.39,0.00,0.00,0.00,0.00,0.00,0.00,,0.00,0.0,0.00,0.00,0.00,0.00,0.00,0.0,0.00,0.00,0.00,0.00,,0.00,0.0,0.00,0.00,0.00,0.00,0.00,0.0,0.00,0.00,0.00,0.00,,0.00,0.0,0.00,0.00,0.00,0.00,0.00,0.0,0.00,0.00,0.00,0.00,81.23,74.33,87.92,80.57999999999998,86.21,78.98
29309-0054-2,fire tube,3.0,นำคอนเดนเสทกลับมาใช้,14.0,ชีวมวลอัดเมล็ด,Solid,  แบบลอยตัว (Suspension),,4.88,988.14,50.00,365.00,4089.00,88.20,,4.42,620.48,63.73,136.00,1096.00,76.98,169.33,19213.27,12.46,0.0,1.18,0.34,1.81,1.22,19.78,0.0,1.1,0.32,1.69,1.14,169.33,19200.38,7.23,0.0,0.01,0.0,1.27,1.22,14.9,0.0,0.01,0.0,1.18,1.14,93.65,19213.27,12.11,0.0,0.75,0.0,1.98,1.74,19.46,0.0,0.7,0.0,1.85,1.62,11.00,211.71,2031.00,13.04,185.88,1034.08,3.790000000000001,0.00,0.85,0.25,0.39,0.00,31231.019999999997,0.00,6986.67,2030.32,3224.62,0.00,0.00,0.00,0.00,0.00,0.00,0.00,0.269999999999999,0.00,0.33,0.26,-0.13,-0.40,2238.96,0.00,2750.75,2175.01,-1087.51,-3326.49,0.00,0.00,0.00,0.00,0.00,0.00,,0.00,0.0,0.00,0.00,0.00,0.00,0.00,0.0,0.00,0.00,0.00,0.00,,0.00,0.0,0.00,0.00,0.00,0.00,0.00,0.0,0.00,0.00,0.00,0.00,,0.00,0.0,0.00,0.00,0.00,0.00,0.00,0.0,0.00,0.00,0.00,0.00,82.98999999999998,75.97000000000001,90.27,82.76999999999998,83.42,76.36999999999999
10501-1004-2,fire tube,3.2,Economizer,7.0,น้ำมันเตาเอ,Liquid,แบบใช้ความดันน้ำมัน (Pressure Atomized)  ,840.28,8.73,1200.00,82.00,265.00,884.00,359.72,,8.73,1000.00,82.00,124.00,2983.00,41.56,59.10,43369.42,8.82,0.0,0.14,0.0,3.11,5.89,14.61,0.0,0.13,0.0,2.91,5.52,59.10,43369.42,8.29,0.0,0.13,0.0,0.61,3.97,14.1,0.0,0.12,0.0,0.57,3.72,60.00,43369.42,8.61,0.0,0.09,0.0,3.06,0.67,14.41,0.0,0.08,0.0,2.87,0.62,6.20,193.00,314.00,4.20,207.70,225.00,3.22,0.00,0.06,0.00,15.21,11.68,56800.56999999999,0.00,1071.71,0.00,267927.28,205768.15,0.00,0.00,0.00,0.00,112400.00,0.00,1.27,0.00,0.30,0.00,0.30,31.53,22346.359999999982,0.00,5320.57,0.00,5320.57,555467.27,0.00,0.00,0.00,0.00,112400.00,0.00,,0.00,0.0,0.00,0.00,0.00,0.00,0.00,0.0,0.00,0.00,0.00,0.00,,0.00,0.0,0.00,0.00,0.00,0.00,0.00,0.0,0.00,0.00,0.00,0.00,,0.00,0.0,0.00,0.00,0.00,0.00,0.00,0.0,0.00,0.00,0.00,0.00,82.04,76.83000000000001,87.00000000000001,81.49000000000001,87.57,82.02
10611-1070-1,fire tube,10.0,,7.0,แกลบ,Solid,  แบบไซโคลน (Cyclone),7920.00,7.00,8650.00,35.00,640.00,7590.00,729.00,7920.00,7.00,8650.00,35.00,640.00,7590.00,729.00,1733.00,14980.00,9.15,0.0,0.0,3.17,0.46,1.9,16.61,0.0,0.0,3.0,0.43,1.79,1733.00,14980.00,9.15,0.0,0.0,3.17,0.05,0.45,16.61,0.0,0.0,3.0,0.05,0.42,1733.00,14980.00,9.15,0.0,0.0,3.17,0.46,1.9,16.61,0.0,0.0,3.0,0.43,1.79,8.70,185.50,13.00,8.70,185.50,13.00,0.00,0.00,0.00,0.00,13.740000000000002,48.62,0.00,0.00,0.00,0.00,54834.93000000001,193928.47,0.00,0.00,0.00,0.00,20000.00,0.00,0.00,0.00,0.00,0.00,0.00,0.00,0.00,0.00,0.00,0.00,0.00,0.00,0.00,0.00,0.00,0.00,0.00,0.00,,0.00,0.0,0.00,0.00,0.00,0.00,0.00,0.0,0.00,0.00,0.00,0.00,,0.00,0.0,0.00,0.00,0.00,0.00,0.00,0.0,0.00,0.00,0.00,0.00,,0.00,0.0,0.00,0.00,0.00,0.00,0.00,0.0,0.00,0.00,0.00,0.00,85.32,78.16999999999999,87.17999999999999,79.92,85.32,78.16999999999999
10309-1004-1,fire tube,12.0,นำคอนเดนเสทกลับมาใช้,3.0,กะลามะพร้าวและกะลาปาล์ม,Solid,  overfeed stoker (Traveling Grate) - Auto Feed,,9.00,7180.00,98.00,125.00,1463.00,122.69,,9.00,7280.00,98.00,125.00,1450.00,122.60,1480.00,20512.04,18.11,0.0,0.66,0.51,0.53,0.18,26.21,0.0,0.63,0.48,0.51,0.17,1480.00,20512.04,10.97,0.0,0.05,0.51,0.53,0.18,19.37,0.0,0.05,0.48,0.51,0.17,1480.00,20512.04,14.96,0.0,0.29,0.51,0.53,0.18,23.19,0.0,0.27,0.48,0.51,0.17,14.08,210.50,763.00,12.50,211.00,412.00,158.99,0.00,13.56,0.00,0.00,0.00,880333.78,0.00,75105.40,0.00,0.00,0.00,0.00,0.00,0.00,0.00,0.00,0.00,73.74000000000001,0.00,8.63,0.00,0.00,0.00,408296.46,0.00,47806.86,0.00,0.00,0.00,0.00,0.00,0.00,0.00,0.00,0.00,,0.00,0.0,0.00,0.00,0.00,0.00,0.00,0.0,0.00,0.00,0.00,0.00,,0.00,0.0,0.00,0.00,0.00,0.00,0.00,0.0,0.00,0.00,0.00,0.00,,0.00,0.0,0.00,0.00,0.00,0.00,0.00,0.0,0.00,0.00,0.00,0.00,80.00999999999999,71.99999999999999,87.75999999999999,79.41999999999999,83.52999999999997,75.38
10772-1003-1,hybrid,5.0,"Economizer, นำคอนเดนเสทกลับมาใช้",13.0,กะลาปาล์ม,Solid,  underfeed stoker,578.00,6.50,625.00,70.00,273.00,1210.00,46.80,925.00,6.50,1000.00,70.00,273.00,1210.00,141.01,131.00,18267.00,13.48,0.0,0.23,1.26,0.55,1.14,24.55,0.0,0.22,1.19,0.53,1.08,131.00,18267.00,9.56,0.0,0.16,0.52,0.55,0.3,20.84,0.0,0.15,0.49,0.53,0.29,131.00,18267.00,10.91,0.0,0.07,1.26,0.55,3.46,22.12,0.0,0.07,1.19,0.53,3.28,12.80,171.00,300.00,10.70,171.00,126.00,20.180000000000003,0.00,0.36,3.81,0.00,4.33,132168.05,0.00,2360.14,24950.09,0.00,28321.72,0.00,0.00,0.00,0.00,20000.00,0.00,13.78,0.00,0.86,0.00,0.00,-12.45,90263.4,0.00,5619.51,0.00,0.00,-81482.93,0.00,0.00,0.00,0.00,0.00,0.00,,0.00,0.0,0.00,0.00,0.00,0.00,0.00,0.0,0.00,0.00,0.00,0.00,,0.00,0.0,0.00,0.00,0.00,0.00,0.00,0.0,0.00,0.00,0.00,0.00,,0.00,0.0,0.00,0.00,0.00,0.00,0.00,0.0,0.00,0.00,0.00,0.00,83.33999999999999,72.43,88.91000000000001,77.69999999999999,83.75000000000001,72.81
20131-0033-1,fire tube,5.0,"นำคอนเดนเสทกลับมาใช้, Economizer",24.0,NG,Gas, แบบผสมกันภายในหัวเผา (Nozzle-mix burner) ,2497.12,8.54,,115.70,40.00,3048.00,33.33,1942.87,8.00,,111.00,39.00,1029.00,76.81,149.30,46453.76,10.82,0.0,0.05,0.0,1.12,0.13,21.62,0.0,0.04,0.0,0.98,0.11,149.30,46453.76,9.29,0.0,0.0,0.0,0.55,0.11,20.28,0.0,0.0,0.0,0.48,0.1,107.74,51406.88,8.01,0.0,0.01,0.0,0.6,0.39,18.08,0.0,0.01,0.0,0.54,0.35,4.40,212.40,117.00,1.07,201.93,50.90,19.12,0.00,0.63,0.00,7.13,0.25,294207.18,0.00,9614.62,0.00,109606.64,3845.85,30000.00,0.00,0.00,0.00,30000.00,0.00,39.49999999999999,0.00,0.50,0.00,6.45,-3.22,535686.5499999999,0.00,7625.43,0.00,99130.62,-49565.31,15000.00,0.00,15000.00,0.00,0.00,0.00,,0.00,0.0,0.00,0.00,0.00,0.00,0.00,0.0,0.00,0.00,0.00,0.00,ก๊าซชีวภาพ,"20,470.29",0.9500000000000001,22.51,"304,188.50","30,000.00",0.09,"-187,066.97",-0.008,-205.71,"-2,779,815.18",0.00,0.00,,"73,446.86",0.003,83.33,"2,350,299.52","30,000,000.00",12.76,"500,000.00",0.023,567.29,"16,000,000.00",0.00,0.00,87.88000000000001,77.24999999999999,90.05000000000001,79.14,90.99,81.02
13122-0053-1,water tube,18.0,นำคอนเดนเสทกลับมาใช้,14.0,กะลาปาล์ม,Solid,  overfeed stoker (Traveling Grate) - Auto Feed,12393.84,7.39,12466.51,96.22,51.31,2823.00,72.60,11882.40,7.38,11955.00,96.20,51.31,2823.00,72.60,2587.33,18673.00,14.74,0.0,0.29,0.58,0.44,0.06,25.41,0.0,0.27,0.55,0.42,0.06,2587.33,18673.00,10.65,0.0,0.29,0.58,0.44,0.06,21.52,0.0,0.27,0.55,0.42,0.06,2587.33,18673.00,12.32,0.0,0.28,0.58,0.44,0.06,23.11,0.0,0.26,0.55,0.42,0.06,9.95,236.00,505.00,8.02,229.50,582.24,231.33,0.00,0.00,0.00,0.00,0.00,2282544.78,0.00,0.00,0.00,0.00,0.00,3000000.00,0.00,0.00,0.00,0.00,0.00,139.51,0.00,0.58,0.00,0.00,0.00,1376628.45,0.00,5688.55,0.00,0.00,0.00,0.00,0.00,0.00,0.00,0.00,0.00,,0.00,0.0,0.00,0.00,0.00,0.00,0.00,0.0,0.00,0.00,0.00,0.00,,0.00,0.0,0.00,0.00,0.00,0.00,0.00,0.0,0.00,0.00,0.00,0.00,,0.00,0.0,0.00,0.00,0.00,0.00,0.00,0.0,0.00,0.00,0.00,0.00,83.89,73.29,87.97999999999999,77.18,86.32000000000001,75.6
10622-0022-1,fire tube,20.0,นำคอนเดนเสทกลับมาใช้,6.0, Biogas ,Gas, แบบผสมเชื้อเพลิงกับอากาศก่อนป้อนเข้าเผาไหม้ (Pre-mix Burner) ,5025.34,12.00,5350.00,101.00,107.00,1750.00,324.60,5025.00,12.00,5350.00,101.00,107.00,4476.00,213.00,388.00,34643.00,3.07,0.0,0.06,0.0,0.42,0.97,6.15,0.0,0.06,0.0,0.41,0.94,388.00,34643.00,3.07,0.0,0.06,0.0,0.05,0.9,6.14,0.0,0.06,0.0,0.05,0.87,388.00,34643.00,3.07,0.0,0.06,0.0,0.42,0.64,6.15,0.0,0.06,0.0,0.41,0.62,1.60,247.20,573.00,1.60,247.20,573.00,0.00,0.00,0.00,0.00,4.8,0.91,0.00,0.00,0.00,0.00,39354.55,7445.45,0.00,0.00,0.00,0.00,20000.00,0.00,0.00,0.00,0.00,0.00,0.00,4.31,0.00,0.00,0.00,0.00,0.00,35360.00,0.00,0.00,0.00,0.00,0.00,0.00,,0.00,0.0,0.00,0.00,0.00,0.00,0.00,0.0,0.00,0.00,0.00,0.00,,0.00,0.0,0.00,0.00,0.00,0.00,0.00,0.0,0.00,0.00,0.00,0.00,,0.00,0.0,0.00,0.00,0.00,0.00,0.00,0.0,0.00,0.00,0.00,0.00,95.48,92.44,95.92,92.88,95.81,92.75999999999999
10622-0034-1,fire tube,10.0,นำคอนเดนเสทกลับมาใช้,6.0, Biogas ,Gas, แบบผสมเชื้อเพลิงกับอากาศก่อนป้อนเข้าเผาไหม้ (Pre-mix Burner) ,3334.06,12.00,4000.00,101.00,107.00,859.00,495.64,3334.00,12.00,4000.00,101.00,107.00,4503.00,241.50,262.00,34643.00,5.47,0.0,0.51,0.0,0.51,2.2,8.46,0.0,0.49,0.0,0.5,2.13,262.00,34643.00,2.86,0.0,0.02,0.0,0.06,0.35,5.94,0.0,0.02,0.0,0.06,0.34,262.00,34643.00,3.2,0.0,0.0,0.0,0.51,1.07,6.27,0.0,0.0,0.0,0.5,1.04,12.10,227.00,2180.00,5.50,218.00,13.70,34.26,0.00,6.43,0.00,5.91,24.29,280488.00,0.00,52658.67,0.00,48360.00,198813.33,0.00,0.00,0.00,0.00,20000.00,0.00,30.250000000000004,0.00,6.79,0.00,0.00,15.05,247551.85,0.00,55617.39,0.00,0.00,123230.69,0.00,0.00,0.00,0.00,0.00,0.00,,0.00,0.0,0.00,0.00,0.00,0.00,0.00,0.0,0.00,0.00,0.00,0.00,,0.00,0.0,0.00,0.00,0.00,0.00,0.00,0.0,0.00,0.00,0.00,0.00,,0.00,0.0,0.00,0.00,0.00,0.00,0.00,0.0,0.00,0.00,0.00,0.00,91.30999999999999,88.42,96.71000000000001,93.64,95.22,92.19
11041-0002-1,fire tube,4.0,,7.0,น้ำมันเตา,Liquid,แบบใช้ความดันน้ำมัน (Pressure Atomized)  ,315.00,4.00,348.00,30.00,388.00,4080.00,33.40,315.00,4.00,348.00,30.00,57.75,941.00,23.68,24.00,43310.00,7.14,0.0,0.0,0.0,2.86,1.17,13.03,0.0,0.0,0.0,2.68,1.1,24.00,43310.00,7.14,0.0,0.0,0.0,1.49,0.24,13.03,0.0,0.0,0.0,1.4,0.22,24.00,43310.00,7.14,0.0,0.0,0.0,2.86,0.83,13.03,0.0,0.0,0.0,2.68,0.78,3.40,179.00,13.70,3.40,179.00,13.70,0.00,0.00,0.00,0.00,92.74,62.95,0.00,0.00,0.00,0.00,1643449.51,1115626.35,0.00,0.00,0.00,0.00,20000.00,0.00,0.00,0.00,0.00,0.00,0.00,23.47,0.00,0.00,0.00,0.00,0.00,416051.03,0.00,0.00,0.00,0.00,0.00,0.00,,0.00,0.0,0.00,0.00,0.00,0.00,0.00,0.0,0.00,0.00,0.00,0.00,,0.00,0.0,0.00,0.00,0.00,0.00,0.00,0.0,0.00,0.00,0.00,0.00,,0.00,0.0,0.00,0.00,0.00,0.00,0.00,0.0,0.00,0.00,0.00,0.00,88.83,83.19,91.13000000000001,85.35,89.17,83.50999999999999
11041-0002-2,fire tube,3.2,,12.0,น้ำมันเตา,Liquid,แบบใช้ความดันน้ำมัน (Pressure Atomized)  ,1154.71,4.00,1278.75,30.00,388.00,4000.00,124.00,1154.00,4.00,1278.75,30.00,57.75,3028.00,29.00,81.00,43310.00,8.14,0.0,0.0,0.0,0.84,1.94,13.97,0.0,0.0,0.0,0.79,1.81,81.00,43310.00,7.66,0.0,0.0,0.0,0.3,0.39,13.52,0.0,0.0,0.0,0.28,0.37,81.00,43310.00,8.14,0.0,0.0,0.0,0.84,0.45,13.97,0.0,0.0,0.0,0.79,0.42,3.40,200.00,2.80,3.40,200.00,2.80,24.23,0.00,0.00,0.00,27.26,78.25,429427.99000000005,0.00,0.00,0.00,483106.68,1386695.10,0.00,0.00,0.00,0.00,20000.00,0.00,0.00,0.00,0.00,0.00,0.00,75.99,0.00,0.00,0.00,0.00,0.00,1346691.72,0.00,0.00,0.00,0.00,0.00,0.00,,0.00,0.0,0.00,0.00,0.00,0.00,0.00,0.0,0.00,0.00,0.00,0.00,,0.00,0.0,0.00,0.00,0.00,0.00,0.00,0.0,0.00,0.00,0.00,0.00,,0.00,0.0,0.00,0.00,0.00,0.00,0.00,0.0,0.00,0.00,0.00,0.00,89.08,83.42999999999999,91.65,85.83,90.57,84.82
19202-0003-1,fire tube,10.0,นำคอนเดนเสทกลับมาใช้,15.0,ก๊าซชีวภาพ,Gas, แบบผสมเชื้อเพลิงกับอากาศก่อนป้อนเข้าเผาไหม้ (Pre-mix Burner) ,,9.00,5494.01,92.00,10.00,760.00,72.28,,9.00,5462.00,92.00,10.00,760.00,72.28,882.27,20150.00,14.36,0.0,0.04,0.0,0.31,0.16,23.74,0.0,0.03,0.0,0.27,0.14,882.27,20150.00,9.98,0.0,0.0,0.0,0.31,0.16,19.83,0.0,0.0,0.0,0.27,0.14,860.10,20150.00,11.57,0.0,0.01,0.0,0.32,0.16,21.25,0.0,0.01,0.0,0.28,0.14,9.56,198.50,56.00,6.39,198.00,22.00,147.5,0.00,1.35,0.00,0.00,0.00,118062.90000000001,0.00,1078.20,0.00,0.00,0.00,0.00,0.00,0.00,0.00,0.00,0.00,95.62,0.00,1.03,0.00,-0.34,0.00,76542.61000000002,0.00,823.04,0.00,-274.35,0.00,0.00,0.00,0.00,0.00,0.00,0.00,,0.00,0.0,0.00,0.00,0.00,0.00,0.00,0.0,0.00,0.00,0.00,0.00,,0.00,0.0,0.00,0.00,0.00,0.00,0.00,0.0,0.00,0.00,0.00,0.00,,0.00,0.0,0.00,0.00,0.00,0.00,0.00,0.0,0.00,0.00,0.00,0.00,85.13,75.82000000000001,89.55,79.76,87.94000000000001,78.32
19202-0003-2,fire tube,10.0,นำคอนเดนเสทกลับมาใช้,6.0,ก๊าซชีวภาพ,Gas, แบบผสมเชื้อเพลิงกับอากาศก่อนป้อนเข้าเผาไหม้ (Pre-mix Burner) ,,8.90,5745.17,91.50,10.00,850.00,67.59,,8.90,5780.00,91.50,10.00,850.00,67.59,940.49,20150.00,15.73,0.0,0.04,0.0,0.22,0.14,24.95,0.0,0.03,0.0,0.2,0.12,940.49,20150.00,10.01,0.0,0.0,0.0,0.22,0.14,19.85,0.0,0.0,0.0,0.2,0.12,940.49,20150.00,12.04,0.0,0.03,0.0,0.22,0.14,21.66,0.0,0.02,0.0,0.2,0.12,10.60,196.20,54.00,7.12,196.20,56.00,199.33,0.00,1.39,0.00,0.00,0.00,159541.84,0.00,1115.68,0.00,0.00,0.00,0.00,0.00,0.00,0.00,0.00,0.00,131.57999999999998,0.00,0.36,0.00,0.00,0.00,105318.12999999999,0.00,285.41,0.00,0.00,0.00,0.00,0.00,0.00,0.00,0.00,0.00,,0.00,0.0,0.00,0.00,0.00,0.00,0.00,0.0,0.00,0.00,0.00,0.00,,0.00,0.0,0.00,0.00,0.00,0.00,0.00,0.0,0.00,0.00,0.00,0.00,,0.00,0.0,0.00,0.00,0.00,0.00,0.00,0.0,0.00,0.00,0.00,0.00,83.86999999999999,74.69999999999999,89.63,79.83,87.57000000000001,78.0
10420-1015-2,water tube,45.0,,3.0,เส้นใยปาล์ม,Solid,  overfeed stoker (Vibrating Grate Stoker),40380.00,43.00,40783.00,100.00,25.00,1450.00,72.00,40380.00,43.00,40380.00,100.00,25.00,1450.00,72.00,13125.00,16696.00,7.49,0.74,2.02,0.32,0.39,0.03,20.27,0.72,1.96,0.31,0.38,0.03,13125.00,16696.00,4.51,0.74,0.22,0.32,0.39,0.03,17.39,0.72,0.21,0.31,0.38,0.03,13125.00,16696.00,7.49,0.74,0.29,0.32,0.39,0.03,20.27,0.72,0.28,0.31,0.38,0.03,9.27,178.35,5301.89,8.40,187.50,835.63,569.49,0.00,343.99,0.00,0.00,0.00,2290593.99,0.00,1383580.26,0.00,0.00,0.00,5000000.00,0.00,0.00,0.00,0.00,0.00,0.00,0.00,340.98,0.00,0.00,0.00,0.00,0.00,1371499.23,0.00,0.00,0.00,0.00,0.00,0.00,0.00,0.00,0.00,,0.00,0.0,0.00,0.00,0.00,0.00,0.00,0.0,0.00,0.00,0.00,0.00,,0.00,0.0,0.00,0.00,0.00,0.00,0.00,0.0,0.00,0.00,0.00,0.00,,0.00,0.0,0.00,0.00,0.00,0.00,0.00,0.0,0.00,0.00,0.00,0.00,89.01000000000002,76.33000000000001,93.79,80.96000000000001,90.74000000000001,78.01
29309-1052-1,fire tube,4.2,"Economizer, นำคอนเดนเสทกลับมาใช้",8.0,Natural Gas,Gas, แบบผสมกันภายในหัวเผา (Nozzle-mix burner) ,0.00,6.00,456.95,44.20,140.00,595.00,107.51,393.02,4.80,439.71,64.60,1236.00,11640.00,46.69,24.23,47794.41,11.6,0.0,0.0,0.0,0.65,3.43,22.0,0.0,0.0,0.0,0.57,3.03,24.23,47794.41,8.54,0.0,0.0,0.0,0.65,0.58,19.3,0.0,0.0,0.0,0.57,0.51,25.59,47794.41,8.82,0.0,0.01,0.0,1.44,1.11,19.55,0.0,0.01,0.0,1.27,0.98,7.30,191.60,15.00,2.57,193.22,35.32,1.39,0.00,0.00,0.00,0.00,1.30,26375.409999999996,0.00,0.00,0.00,0.00,24565.38,0.00,0.00,0.00,0.00,0.00,0.00,1.28,0.00,-0.00,0.00,-0.37,1.08,24423.309999999998,0.00,-87.85,0.00,-6940.47,20382.14,0.00,0.00,0.00,0.00,0.00,0.00,ก๊าซธรรมชาติ,133.72,0.005,0.13,"2,527.48",0.00,0.00,217.63,0.009000000000000001,0.21,"4,113.19",0.00,0.00,,0.00,0.0,0.00,0.00,0.00,0.00,0.00,0.0,0.00,0.00,0.00,0.00,,0.00,0.0,0.00,0.00,0.00,0.00,0.00,0.0,0.00,0.00,0.00,0.00,84.32,74.4,90.23,79.62,88.62,78.19
17099-0008-1,fire tube,10.0,นำคอนเดนเสทกลับมาใช้,15.0,บิทูมินัส,Solid,  Circulating fluidized bed,3612.50,9.60,3800.00,127.00,150.00,3200.00,178.12,3650.00,9.60,3800.00,127.00,150.00,3200.00,178.12,536.75,23906.69,24.26,0.0,0.39,0.45,0.38,0.36,30.74,0.0,0.36,0.43,0.35,0.34,536.75,23906.69,21.1,0.0,0.33,0.45,0.38,0.36,27.76,0.0,0.31,0.43,0.35,0.34,536.75,23906.69,17.35,0.0,0.26,0.45,0.38,0.36,24.23,0.0,0.25,0.43,0.35,0.34,13.20,210.00,338.00,10.20,210.00,320.00,77.23,0.00,1.47,0.00,0.00,0.00,401219.6,0.00,7618.09,0.00,0.00,0.00,0.00,0.00,0.00,0.00,0.00,0.00,160.82,0.00,3.03,0.00,0.00,0.00,835373.86,0.00,15716.15,0.00,0.00,0.00,0.00,0.00,0.00,0.00,0.00,0.00,,0.00,0.0,0.00,0.00,0.00,0.00,0.00,0.0,0.00,0.00,0.00,0.00,,0.00,0.0,0.00,0.00,0.00,0.00,0.00,0.0,0.00,0.00,0.00,0.00,,0.00,0.0,0.00,0.00,0.00,0.00,0.00,0.0,0.00,0.00,0.00,0.00,74.16,67.78,77.38000000000001,70.80999999999999,81.2,74.39999999999999
24109-0005-1,fire tube,6.5,นำคอนเดนเสทกลับมาใช้,27.0,น้ำมันเตาซี,Liquid,แบบใช้ความดันน้ำมัน (Pressure Atomized)  ,2044.89,6.50,2072.97,75.00,42.00,3100.00,28.08,,6.50,2110.00,75.00,42.00,3100.00,28.08,144.98,43192.79,8.16,0.0,0.02,0.0,0.66,0.17,13.18,0.0,0.02,0.0,0.63,0.16,144.98,43192.79,6.46,0.0,0.02,0.0,0.66,0.17,11.57,0.0,0.02,0.0,0.63,0.16,144.98,43192.79,7.1,0.0,0.02,0.0,0.66,0.17,12.17,0.0,0.02,0.0,0.63,0.16,9.10,153.90,38.00,5.60,166.90,70.00,110.81,0.00,0.00,0.00,0.00,0.00,1726509.57,0.00,0.00,0.00,0.00,0.00,0.00,0.00,0.00,0.00,0.00,0.00,69.63,0.00,0.00,0.00,0.00,0.00,1084965.01,0.00,0.00,0.00,0.00,0.00,0.00,0.00,0.00,0.00,0.00,0.00,,0.00,0.0,0.00,0.00,0.00,0.00,0.00,0.0,0.00,0.00,0.00,0.00,,0.00,0.0,0.00,0.00,0.00,0.00,0.00,0.0,0.00,0.00,0.00,0.00,,0.00,0.0,0.00,0.00,0.00,0.00,0.00,0.0,0.00,0.00,0.00,0.00,90.99000000000001,86.01,92.69000000000001,87.62000000000002,92.05000000000001,87.02000000000001
10502-0006-1,fire tube,13.0,,22.0,NG,Gas, แบบผสมเชื้อเพลิงกับอากาศก่อนป้อนเข้าเผาไหม้ (Pre-mix Burner) ,,8.00,4514.56,81.40,256.00,1630.00,709.30,,8.00,6086.96,88.90,85.00,1630.00,337.57,229.74,50000.00,11.51,0.0,0.0,0.0,0.33,2.64,21.46,0.0,0.0,0.0,0.3,2.34,229.74,50000.00,7.77,0.0,0.0,0.0,0.33,1.13,18.14,0.0,0.0,0.0,0.3,1.0,338.55,50000.00,9.63,0.0,0.0,0.0,0.22,0.9,19.8,0.0,0.0,0.0,0.2,0.8,9.88,177.42,0.00,8.65,166.32,0.00,2.62,0.00,0.00,0.00,0.00,1.06,995789.0800000001,0.00,0.00,0.00,0.00,402044.27,30000.00,0.00,0.00,0.00,0.00,100000.00,1.329999999999999,0.00,0.00,0.00,0.08,1.24,508289.8700000001,0.00,0.00,0.00,29740.50,470440.68,0.00,0.00,0.00,0.00,0.00,120000.00,,0.00,0.0,0.00,0.00,0.00,0.00,0.00,0.0,0.00,0.00,0.00,0.00,,0.00,0.0,0.00,0.00,0.00,0.00,0.00,0.0,0.00,0.00,0.00,0.00,,0.00,0.0,0.00,0.00,0.00,0.00,0.00,0.0,0.00,0.00,0.00,0.00,85.52,75.89999999999999,90.77000000000001,80.56,89.25,79.2
10502-0006-2,fire tube,13.0,,22.0,NG,Gas, แบบผสมเชื้อเพลิงกับอากาศก่อนป้อนเข้าเผาไหม้ (Pre-mix Burner) ,,8.00,3398.06,81.40,256.00,1630.00,533.68,,8.00,6280.19,88.90,85.00,1630.00,327.49,170.72,50000.00,9.59,0.0,0.0,0.0,0.42,2.67,19.76,0.0,0.0,0.0,0.37,2.37,170.72,50000.00,7.73,0.0,0.0,0.0,0.42,1.52,18.11,0.0,0.0,0.0,0.37,1.35,333.65,50000.00,7.71,0.0,0.0,0.0,0.17,0.77,18.09,0.0,0.0,0.0,0.15,0.68,7.38,178.82,0.00,6.75,158.48,0.00,1.31,0.00,0.00,0.00,0.00,0.81,497643.91000000003,0.00,0.00,0.00,0.00,307683.33,0.00,0.00,0.00,0.00,0.00,100000.00,1.31,0.00,0.00,0.00,0.17,1.32,497530.54,0.00,0.00,0.00,66160.98,502823.47,0.00,0.00,0.00,0.00,0.00,120000.00,,0.00,0.0,0.00,0.00,0.00,0.00,0.00,0.0,0.00,0.00,0.00,0.00,,0.00,0.0,0.00,0.00,0.00,0.00,0.00,0.0,0.00,0.00,0.00,0.00,,0.00,0.0,0.00,0.00,0.00,0.00,0.00,0.0,0.00,0.00,0.00,0.00,87.32,77.49999999999999,90.33,80.17,91.35000000000001,81.07999999999998
17099-0007-1,water tube,120.0,"Economizer, นำคอนเดนเสทกลับมาใช้",23.0,ถ่านหิน,Solid,  overfeed stoker (Traveling Grate) - Auto Feed,59579.27,83.89,,132.16,4.50,12.00,1163.78,61560.00,82.24,62727.88,132.43,3.00,12.00,1167.88,10687.59,24132.55,17.63,0.0,0.01,1.31,0.22,0.42,22.82,0.0,0.01,1.26,0.21,0.41,10687.59,24132.55,15.13,0.0,0.0,1.31,0.22,0.42,20.42,0.0,0.0,1.26,0.21,0.41,11000.00,24132.55,14.15,0.0,0.02,1.31,0.18,0.4,19.47,0.0,0.02,1.26,0.17,0.38,9.66,243.86,15.20,7.32,239.11,48.74,1310.30,0.00,5.24,0.00,0.00,0.00,6651589.699999999,0.00,26606.36,0.00,0.00,0.00,0.00,0.00,0.00,0.00,0.00,0.00,-24.919999999999845,0.00,-5.18,0.00,20.73,10.37,9156005.639999999,0.00,-26310.36,0.00,105241.44,52620.72,0.00,0.00,0.00,0.00,0.00,0.00,,0.00,0.0,0.00,0.00,0.00,0.00,0.00,0.0,0.00,0.00,0.00,0.00,,0.00,0.0,0.00,0.00,0.00,0.00,0.00,0.0,0.00,0.00,0.00,0.00,,0.00,0.0,0.00,0.00,0.00,0.00,0.00,0.0,0.00,0.00,0.00,0.00,80.41,75.29,82.92,77.7,83.93999999999998,78.7
17099-0007-2,water tube,120.0,"Economizer, นำคอนเดนเสทกลับมาใช้",23.0,ถ่านหิน,Solid,  overfeed stoker (Traveling Grate) - Auto Feed,61709.00,83.63,,132.52,4.50,12.00,1072.35,63540.00,82.30,64615.20,132.99,3.00,12.00,1075.20,12500.00,24132.55,19.06,0.0,0.07,1.31,0.14,0.32,24.2,0.0,0.06,1.26,0.13,0.31,12500.00,24132.55,14.38,0.0,0.06,1.31,0.14,0.32,19.69,0.0,0.06,1.26,0.13,0.31,12310.00,24132.55,18.64,0.0,0.04,1.31,0.18,0.33,23.8,0.0,0.04,1.26,0.17,0.31,11.02,240.86,87.80,10.51,236.67,54.54,2434.22,0.00,5.19,0.00,0.00,0.00,12357062.21,0.00,26347.68,0.00,0.00,0.00,0.00,0.00,0.00,0.00,0.00,0.00,232.98999999999998,0.00,16.26,0.00,-21.67,-5.42,1182788.23,0.00,82520.11,0.00,-110026.81,-27506.70,0.00,0.00,0.00,15.06,0.00,0.00,,0.00,0.0,0.00,0.00,0.00,0.00,0.00,0.0,0.00,0.00,0.00,0.00,,0.00,0.0,0.00,0.00,0.00,0.00,0.00,0.0,0.00,0.00,0.00,0.00,,0.00,0.0,0.00,0.00,0.00,0.00,0.00,0.0,0.00,0.00,0.00,0.00,79.10000000000001,74.03999999999999,83.79,78.55,79.49999999999999,74.41999999999999
22199-0041-1,water tube,15.0,Economizer,6.0,กะลาปาล์ม,Solid,  overfeed stoker (Traveling Grate) - Auto Feed,,8.70,5984.30,50.00,136.00,1318.00,892.97,,8.70,5459.45,50.00,135.00,2743.07,300.42,1413.93,17408.09,35.66,0.0,0.54,0.46,0.26,2.52,44.44,0.0,0.5,0.43,0.24,2.37,1413.93,17408.09,21.84,0.0,0.0,0.46,0.26,0.7,31.45,0.0,0.0,0.43,0.24,0.66,1298.43,17408.09,16.17,0.0,0.36,0.48,0.28,0.92,26.13,0.0,0.33,0.45,0.27,0.86,13.80,270.00,430.00,13.54,142.88,296.50,264.12,0.00,10.33,0.00,0.00,34.81,2876678.0700000003,0.00,112484.15,0.00,0.00,379113.26,300000.00,0.00,0.00,0.00,0.00,0.00,349.52000000000004,0.00,3.23,-0.36,-0.36,28.71,3806769.7800000003,0.00,35175.49,-3908.39,-3908.39,312671.03,300000.00,0.00,0.00,0.00,0.00,0.00,,0.00,0.0,0.00,0.00,0.00,0.00,0.00,0.0,0.00,0.00,0.00,0.00,,0.00,0.0,0.00,0.00,0.00,0.00,0.00,0.0,0.00,0.00,0.00,0.00,,0.00,0.0,0.00,0.00,0.00,0.00,0.00,0.0,0.00,0.00,0.00,0.00,60.56,52.02,76.74,67.22,81.78999999999999,71.96000000000001
10301-0008-1,water tube,10.0,,3.0,น้ำมันเตา,Liquid,แบบใช้ไอน้ำ หรืออากาศ (Steam or Air Atomized)  ,2186.40,8.00,2871.40,34.20,32.00,1121.80,685.00,2186.40,8.00,2871.40,31.50,32.00,1121.80,685.00,390.00,43347.33,8.16,0.0,0.0,0.0,0.26,0.54,13.63,0.0,0.0,0.0,0.24,0.51,390.00,43325.65,8.14,0.0,0.0,0.0,0.26,0.54,13.61,0.0,0.0,0.0,0.24,0.51,341.25,43325.65,7.44,0.0,0.0,0.0,0.29,0.67,12.96,0.0,0.0,0.0,0.28,0.63,6.64,180.70,1.25,5.50,178.70,1.40,0.21,0.00,0.00,0.00,0.00,0.00,3087.74,0.00,0.00,0.00,0.00,0.00,0.00,0.00,0.00,0.00,0.00,0.00,8.579999999999998,0.00,0.00,0.00,-0.36,-1.55,121083.53,0.00,0.00,0.00,-5045.15,-21862.33,0.00,0.00,0.00,0.00,0.00,0.00,,0.00,0.0,0.00,0.00,0.00,0.00,0.00,0.0,0.00,0.00,0.00,0.00,,0.00,0.0,0.00,0.00,0.00,0.00,0.00,0.0,0.00,0.00,0.00,0.00,,0.00,0.0,0.00,0.00,0.00,0.00,0.00,0.0,0.00,0.00,0.00,0.00,91.03999999999999,85.62,91.05999999999999,85.64,91.6,86.13
10301-0008-2,water tube,6.0,,17.0,น้ำมันเตา C,Liquid,แบบใช้ไอน้ำ หรืออากาศ (Steam or Air Atomized)  ,1844.80,7.90,1800.00,32.70,34.00,337.80,55.17,1844.80,7.90,2871.40,34.20,34.00,337.80,55.17,222.50,43325.65,9.71,0.0,0.0,0.0,0.26,0.12,15.09,0.0,0.0,0.0,0.25,0.11,222.50,43325.65,9.22,0.0,0.0,0.0,0.26,0.12,14.63,0.0,0.0,0.0,0.25,0.11,222.50,43325.65,8.24,0.0,0.0,0.0,0.45,0.12,13.71,0.0,0.0,0.0,0.43,0.11,7.41,199.70,10.25,5.20,197.20,1.70,0.00,0.00,0.00,0.00,0.00,0.00,0.00,0.00,0.00,0.00,0.00,0.00,0.00,0.00,0.00,0.00,0.00,0.00,0.00,0.00,0.00,0.00,0.00,0.00,0.00,0.00,0.00,0.00,0.00,0.00,0.00,0.00,0.00,0.00,0.00,0.00,,0.00,0.0,0.00,0.00,0.00,0.00,0.00,0.0,0.00,0.00,0.00,0.00,,0.00,0.0,0.00,0.00,0.00,0.00,0.00,0.0,0.00,0.00,0.00,0.00,,0.00,0.0,0.00,0.00,0.00,0.00,0.00,0.0,0.00,0.00,0.00,0.00,89.90999999999998,84.55,90.39999999999999,85.01,91.19,85.74999999999999
10212-1019-1,fire tube,5.0,Oil Heater,4.0,น้ำมันเตา C,Liquid,แบบใช้ความดันน้ำมัน (Pressure Atomized)  ,3360.00,7.70,,74.40,309.00,3244.00,444.88,3954.78,7.67,4339.32,68.13,257.00,3646.00,384.54,265.00,43281.11,12.67,0.0,0.0,0.0,0.23,1.65,17.82,0.0,0.0,0.0,0.21,1.56,265.00,43281.11,9.63,0.0,0.0,0.0,0.23,1.35,14.97,0.0,0.0,0.0,0.21,1.27,302.87,43281.11,12.25,0.0,0.0,0.0,0.16,1.33,17.43,0.0,0.0,0.0,0.15,1.25,3.36,300.60,5.00,2.90,307.63,3.80,54.62,0.00,0.00,0.00,0.00,5.39,1002881.5499999999,0.00,0.00,0.00,0.00,98968.58,0.00,0.00,0.00,0.00,0.00,0.00,7.70,0.00,0.00,0.00,1.28,5.86,141312.87000000005,0.00,0.00,0.00,23552.16,107667.00,0.00,0.00,0.00,0.00,0.00,0.00,,0.00,0.0,0.00,0.00,0.00,0.00,0.00,0.0,0.00,0.00,0.00,0.00,,0.00,0.0,0.00,0.00,0.00,0.00,0.00,0.0,0.00,0.00,0.00,0.00,,0.00,0.0,0.00,0.00,0.00,0.00,0.00,0.0,0.00,0.00,0.00,0.00,85.44999999999999,80.41000000000001,88.79,83.55000000000001,86.26,81.16999999999999
10112-0003-1,fire tube,3.0,นำคอนเดนเสทกลับมาใช้,14.0,LPG,Gas, แบบผสมเชื้อเพลิงกับอากาศก่อนป้อนเข้าเผาไหม้ (Pre-mix Burner) ,,6.51,1808.00,56.80,406.00,512.00,141.00,,5.80,1965.00,80.00,1379.00,13730.00,197.35,106.78,50150.00,10.55,0.0,0.0,0.0,0.37,1.28,17.85,0.0,0.0,0.0,0.34,1.17,106.78,50150.00,5.44,0.0,0.0,0.0,0.37,0.2,13.16,0.0,0.0,0.0,0.34,0.19,94.71,50150.00,8.98,0.0,0.0,0.0,0.68,1.61,16.41,0.0,0.0,0.0,0.62,1.48,7.30,208.00,0.00,4.20,214.70,0.00,13.92,0.00,0.00,0.00,0.00,2.94,305924.41000000003,0.00,0.00,0.00,0.00,64657.24,0.00,0.00,0.00,0.00,0.00,0.00,4.50,0.00,0.00,0.00,-0.89,-0.95,98879.87,0.00,0.00,0.00,-19524.06,-20783.68,0.00,0.00,0.00,0.00,0.00,0.00,,0.00,0.0,0.00,0.00,0.00,0.00,0.00,0.0,0.00,0.00,0.00,0.00,,0.00,0.0,0.00,0.00,0.00,0.00,0.00,0.0,0.00,0.00,0.00,0.00,,0.00,0.0,0.00,0.00,0.00,0.00,0.00,0.0,0.00,0.00,0.00,0.00,87.8,80.64,93.99,86.31,88.72999999999999,81.49
11011-0004-2,fire tube,10.96,"นำคอนเดนเสทกลับมาใช้, Oil Heater",34.0,น้ำมันเตา C,Liquid,แบบใช้ความดันน้ำมัน (Pressure Atomized)  ,3919.33,7.00,4666.67,98.00,5.50,910.00,28.21,4950.00,7.00,4950.00,98.00,7.47,718.50,51.46,289.84,43202.51,8.26,0.0,0.0,0.0,0.15,0.06,13.65,0.0,0.0,0.0,0.14,0.06,289.84,43202.51,6.65,0.0,0.0,0.0,0.15,0.0,12.13,0.0,0.0,0.0,0.14,0.0,309.24,44087.00,8.08,0.0,0.0,0.0,0.14,0.11,13.37,0.0,0.0,0.0,0.13,0.1,6.62,177.31,0.00,5.72,186.53,0.00,12.389999999999999,0.00,0.00,0.00,0.00,0.46,185207.46999999997,0.00,0.00,0.00,0.00,6902.14,0.00,0.00,0.00,0.00,10000.00,0.00,1.4,0.00,0.00,0.00,0.08,-0.38,20698.14,0.00,0.00,0.00,1149.90,-5749.49,0.00,0.00,0.00,0.00,0.00,0.00,,0.00,0.0,0.00,0.00,0.00,0.00,0.00,0.0,0.00,0.00,0.00,0.00,,0.00,0.0,0.00,0.00,0.00,0.00,0.00,0.0,0.00,0.00,0.00,0.00,,0.00,0.0,0.00,0.00,0.00,0.00,0.00,0.0,0.00,0.00,0.00,0.00,91.52999999999999,86.14999999999999,93.19999999999999,87.73,91.67,86.4
10211-0003-1,fire tube,10.0,,50.0,ก๊าซธรรมชาติ,Gas, แบบผสมเชื้อเพลิงกับอากาศก่อนป้อนเข้าเผาไหม้ (Pre-mix Burner) ,,10.00,2889.74,44.60,282.00,3200.00,254.65,2805.21,8.50,3486.24,40.00,210.00,1075.00,681.03,208.21,45095.48,14.08,0.0,0.04,0.0,1.09,1.78,24.79,0.0,0.04,0.0,0.96,1.56,208.21,45095.48,14.08,0.0,0.04,0.0,1.09,1.78,24.79,0.0,0.04,0.0,0.96,1.56,530.52,45095.48,33.64,0.0,0.02,0.0,0.9,3.93,58.47,0.0,0.01,0.0,0.56,2.46,3.22,263.20,108.00,4.50,210.20,18.00,0.00,0.00,0.00,0.00,0.00,0.00,0.00,0.00,0.00,0.00,0.00,0.00,0.00,0.00,0.00,0.00,0.00,0.00,-98115.91999999993,0.00,-1007.79,0.00,-9574.01,108337.44,-1279846666.83,0.00,-13126632.48,0.00,-124703008.56,1411112991.57,0.00,0.00,0.00,0.00,0.00,0.00,,0.00,0.0,0.00,0.00,0.00,0.00,0.00,0.0,0.00,0.00,0.00,0.00,,0.00,0.0,0.00,0.00,0.00,0.00,0.00,0.0,0.00,0.00,0.00,0.00,,0.00,0.0,0.00,0.00,0.00,0.00,0.00,0.0,0.00,0.00,0.00,0.00,83.00999999999999,72.65,83.00999999999999,72.65,61.51,38.5
10211-0003-2,fire tube,6.0,,23.0,ก๊าซธรรมชาติ,Gas, แบบผสมเชื้อเพลิงกับอากาศก่อนป้อนเข้าเผาไหม้ (Pre-mix Burner) ,1503.67,10.00,1631.46,44.60,282.00,3600.00,127.79,1310.74,8.50,1661.83,40.00,210.00,994.00,351.09,163.20,45095.48,15.65,0.0,0.07,0.0,0.8,1.14,26.17,0.0,0.06,0.0,0.7,1.0,163.20,45095.48,15.65,0.0,0.07,0.0,0.8,1.14,26.17,0.0,0.06,0.0,0.7,1.0,252.89,45095.48,19.63,0.0,0.05,0.0,0.44,1.98,29.66,0.0,0.04,0.0,0.39,1.73,9.07,209.40,108.00,12.29,197.00,55.00,0.00,0.00,0.00,0.00,0.00,0.00,0.00,0.00,0.00,0.00,0.00,0.00,0.00,0.00,0.00,0.00,0.00,0.00,-2987.8300000000017,0.00,-127.14,0.00,-2288.55,5339.94,-38916901.75,0.00,-1656038.37,0.00,-29808690.62,69553611.44,0.00,0.00,0.00,0.00,0.00,0.00,,0.00,0.0,0.00,0.00,0.00,0.00,0.00,0.0,0.00,0.00,0.00,0.00,,0.00,0.0,0.00,0.00,0.00,0.00,0.00,0.0,0.00,0.00,0.00,0.00,,0.00,0.0,0.00,0.00,0.00,0.00,0.00,0.0,0.00,0.00,0.00,0.00,82.34,72.07,82.34,72.07,77.9,68.17999999999999
10742-0008-1,hybrid,20.0,"Economizer, นำคอนเดนเสทกลับมาใช้",3.0,ถ่านหินบิทูมินัส ,Solid,  overfeed stoker (Step/pushing/dumping Grate Stoker),7183.08,9.50,7183.08,114.00,10.00,3120.00,23.02,11666.67,9.30,11666.67,115.00,10.20,2138.40,55.65,1274.40,24010.90,12.93,0.0,0.06,6.53,0.34,0.02,20.04,0.0,0.06,6.16,0.32,0.02,1274.40,24010.90,10.75,0.0,0.04,6.53,0.27,0.02,17.98,0.0,0.04,6.16,0.25,0.02,1836.89,24010.90,11.95,0.0,0.05,6.53,0.33,0.04,19.11,0.0,0.05,6.16,0.31,0.03,9.37,182.95,94.25,8.43,181.41,86.10,95.86,0.00,0.88,0.00,3.08,0.00,457221.94,0.00,4194.70,0.00,14681.44,0.00,12000.00,0.00,0.00,0.00,0.00,0.00,43.17999999999999,0.00,0.45,0.00,0.45,-0.89,206020.61,0.00,2123.92,0.00,2123.92,-4247.85,0.00,0.00,0.00,0.00,0.00,0.00,กะลาปาล์ม,0.00,0.0,0.00,0.00,0.00,0.00,0.00,0.0,0.00,0.00,0.00,0.00,,0.00,0.0,0.00,0.00,0.00,0.00,0.00,0.0,0.00,0.00,0.00,0.00,,0.00,0.0,0.00,0.00,0.00,0.00,0.00,0.0,0.00,0.00,0.00,0.00,80.11999999999999,73.40000000000002,82.39,75.55,81.1,74.34
32301-0006-1,water tube,15.0,Economizer,5.0,กะลาปาล์ม,Solid,  overfeed stoker (Traveling Grate) - Auto Feed,5182.00,8.70,5182.38,105.00,164.00,744.00,1142.35,,8.70,5256.89,105.00,158.00,2598.57,319.63,999.00,17408.09,40.47,0.0,0.41,0.48,0.37,2.57,48.96,0.0,0.38,0.45,0.35,2.41,999.00,17408.09,21.5,0.0,0.0,0.48,0.37,0.71,31.13,0.0,0.0,0.45,0.35,0.67,1184.78,17408.09,28.44,0.0,0.17,0.48,0.31,0.6,37.66,0.0,0.16,0.45,0.29,0.56,15.30,250.00,259.00,13.46,233.00,148.87,557.1700000000001,0.00,12.04,0.00,0.00,54.63,6068394.59,0.00,131156.66,0.00,0.00,595003.37,25000.00,0.00,0.00,0.00,0.00,0.00,388.27,0.00,7.75,0.00,1.94,63.59,4228995.67,0.00,84368.99,0.00,21092.25,692528.80,0.00,0.00,0.00,0.00,0.00,0.00,,0.00,0.0,0.00,0.00,0.00,0.00,0.00,0.0,0.00,0.00,0.00,0.00,,0.00,0.0,0.00,0.00,0.00,0.00,0.00,0.0,0.00,0.00,0.00,0.00,,0.00,0.0,0.00,0.00,0.00,0.00,0.00,0.0,0.00,0.00,0.00,0.00,55.70000000000001,47.44999999999999,76.94,67.4,70.0,60.88
10801-0030-1,water tube,22.0,"Economizer, นำคอนเดนเสทกลับมาใช้",14.0,ถ่านหิน,Solid,  overfeed stoker (Fixed/Inclined Grate) - ใช้แรงงานคน,6800.00,8.10,6959.00,110.00,42.38,1533.30,131.25,,8.30,7035.00,104.50,27.00,909.40,126.67,1250.00,26813.00,22.9,0.0,1.24,1.08,0.78,0.11,28.38,0.0,1.17,1.02,0.74,0.11,1250.00,26813.00,10.35,0.0,0.83,1.08,0.78,0.11,16.49,0.0,0.79,1.02,0.74,0.11,1250.00,26813.00,10.65,0.0,0.71,1.08,0.78,0.12,16.77,0.0,0.67,1.02,0.74,0.11,13.89,209.00,1111.38,10.50,153.10,948.90,1067.01,0.00,34.86,0.00,0.00,0.00,3811105.0399999996,0.00,124506.22,0.00,0.00,0.00,0.00,0.00,0.00,0.00,0.00,0.00,-43.30000000000018,0.00,45.15,0.00,0.00,-0.85,3727273.9,0.00,161261.65,0.00,0.00,-3042.67,0.00,0.00,0.00,0.00,0.00,0.00,,0.00,0.0,0.00,0.00,0.00,0.00,0.00,0.0,0.00,0.00,0.00,0.00,,0.00,0.0,0.00,0.00,0.00,0.00,0.00,0.0,0.00,0.00,0.00,0.00,,0.00,0.0,0.00,0.00,0.00,0.00,0.00,0.0,0.00,0.00,0.00,0.00,73.89,68.58000000000001,86.85000000000001,80.85000000000001,86.66,80.69000000000001
11043-1001-1,fire tube,15.0,"Economizer, นำคอนเดนเสทกลับมาใช้",6.0,ก๊าซธรรมชาติ NG,Gas, แบบผสมเชื้อเพลิงกับอากาศก่อนป้อนเข้าเผาไหม้ (Pre-mix Burner) ,3000.00,8.90,3000.00,127.00,30.00,2830.00,66.18,3800.00,9.00,4000.00,120.00,50.00,1360.00,31.80,181.65,45207.27,10.02,0.0,0.0,0.0,0.28,0.19,21.21,0.0,0.0,0.0,0.24,0.16,181.65,45207.27,7.98,0.0,0.0,0.0,0.2,0.09,19.43,0.0,0.0,0.0,0.18,0.07,210.86,45207.27,9.9,0.0,0.0,0.0,0.32,0.09,21.11,0.0,0.0,0.0,0.28,0.07,5.99,178.08,0.00,5.25,177.07,0.00,41.47,0.00,0.00,0.00,1.63,2.03,734393.92,0.00,0.00,0.00,28799.76,35999.70,15000.00,0.00,50000.00,0.00,80000.00,0.00,2.49,0.00,0.00,0.00,-0.83,2.07,44032.57999999999,0.00,0.00,0.00,-14677.56,36693.91,0.00,0.00,0.00,0.00,0.00,0.00,,0.00,0.0,0.00,0.00,0.00,0.00,0.00,0.0,0.00,0.00,0.00,0.00,,0.00,0.0,0.00,0.00,0.00,0.00,0.00,0.0,0.00,0.00,0.00,0.00,,0.00,0.0,0.00,0.00,0.00,0.00,0.00,0.0,0.00,0.00,0.00,0.00,89.51,78.39,91.72999999999999,80.32,89.69,78.54
11043-1001-3,fire tube,10.0,"Economizer, นำคอนเดนเสทกลับมาใช้",6.0,ก็าซธรรมชาติ NG,Gas, แบบผสมเชื้อเพลิงกับอากาศก่อนป้อนเข้าเผาไหม้ (Pre-mix Burner) ,5000.00,8.90,5000.00,102.00,30.00,3120.00,48.07,5500.00,8.90,5500.00,105.00,50.00,1520.00,48.07,313.27,45207.27,9.74,0.0,0.0,0.0,0.12,0.11,20.97,0.0,0.0,0.0,0.1,0.1,313.27,45207.27,8.59,0.0,0.0,0.0,0.07,0.11,19.97,0.0,0.0,0.0,0.06,0.1,316.70,47735.44,9.37,0.0,0.0,0.0,0.13,0.1,20.05,0.0,0.0,0.0,0.12,0.09,3.34,196.38,0.00,2.95,197.61,0.00,10.450000000000001,0.00,0.00,0.00,0.45,0.00,185014.38,0.00,0.00,0.00,8044.11,0.00,12000.00,0.00,50000.00,0.00,30000.00,0.00,3.54,0.00,0.00,0.00,-0.09,0.09,58949.08,0.00,0.00,0.00,-1593.22,1593.22,0.00,0.00,0.00,0.00,0.00,0.00,,0.00,0.0,0.00,0.00,0.00,0.00,0.00,0.0,0.00,0.00,0.00,0.00,,0.00,0.0,0.00,0.00,0.00,0.00,0.00,0.0,0.00,0.00,0.00,0.00,,0.00,0.0,0.00,0.00,0.00,0.00,0.00,0.0,0.00,0.00,0.00,0.00,90.03,78.83000000000001,91.23,79.87,90.4,79.74
11043-1001-4,fire tube,15.0,"Economizer, นำคอนเดนเสทกลับมาใช้",6.0,ก็าซธรรมชาติ NG,Gas, แบบผสมเชื้อเพลิงกับอากาศก่อนป้อนเข้าเผาไหม้ (Pre-mix Burner) ,5000.00,9.00,5000.00,125.00,30.00,2860.00,52.45,4153.85,9.00,4153.85,125.00,30.00,2140.00,58.23,334.82,45207.27,11.25,0.0,0.0,0.0,0.21,0.08,22.3,0.0,0.0,0.0,0.19,0.07,334.82,45207.27,8.9,0.0,0.0,0.0,0.07,0.08,20.23,0.0,0.0,0.0,0.06,0.07,250.93,47735.44,9.24,0.0,0.0,0.0,0.27,0.11,19.93,0.0,0.0,0.0,0.24,0.1,6.39,191.16,0.00,4.26,185.53,0.00,46.34,0.00,0.00,0.00,2.76,0.00,820549.79,0.00,0.00,0.00,48883.83,0.00,50000.00,0.00,0.00,0.00,80000.00,0.00,42.35,0.00,0.00,0.00,-1.19,-0.60,706812.9,0.00,0.00,0.00,-21098.90,-10549.45,0.00,0.00,0.00,0.00,0.00,0.00,,0.00,0.0,0.00,0.00,0.00,0.00,0.00,0.0,0.00,0.00,0.00,0.00,,0.00,0.0,0.00,0.00,0.00,0.00,0.00,0.0,0.00,0.00,0.00,0.00,,0.00,0.0,0.00,0.00,0.00,0.00,0.00,0.0,0.00,0.00,0.00,0.00,88.46000000000001,77.44000000000001,90.95,79.64,90.38000000000001,79.73
