meID,BoilerID
9,10801-0038-1
10,10611-1070-1
12,10132-0005-1
13,10132-0005-2
14,10420-1015-1
15,10302-1005-2
16,10302-1005-3
17,10302-1005-1
18,22199-1013-1
19,13132-1001-1
20,10212-0002-1
21,10212-0002-2
24,30911-0005-1
25,20232-1007-1
26,10212-0002-3
27,10221-0006-1
28,10221-0006-2
29,10221-0006-3
30,10221-0006-4
31,10221-0006-5
32,10774-0009-1
33,10774-0009-2
34,10774-0009-3
35,10774-0009-4
36,10774-0009-5
37,11041-0002-1
38,11041-0002-2
39,29309-1130-1
40,10622-0022-1
41,10622-0034-1
42,10111-0003-1
43,11011-0014-2
45,11011-0014-1
46,29309-1052-1
47,10501-1004-2
48,10501-1004-1
49,10621-0019-1
50,11042-0004-1
51,10211-0013-1
52,11042-0004-3
53,11042-0004-2
54,20113-0004-1
55,10120-0017-1
56,11012-1001-1
57,11012-1001-2
58,11011-0013-1
59,11011-0013-2
60,11011-0013-3
61,10722-0024-1
62,10722-0024-2
63,10722-0024-3
64,10722-0024-4
65,10722-0024-5
66,10722-0024-6
67,20131-0033-1
69,10802-1021-2
70,10772-1003-1
71,29309-0054-1
72,29309-0054-2
73,10802-1021-1
74,10420-1002-1
75,10801-0037-1
76,10801-0037-2
77,10801-0037-3
79,35101-1118-1
80,13122-0053-1
81,13113-0013-1
82,13113-0013-2
83,10722-0012-1
84,10722-0012-2
85,10722-0012-3
86,10722-0012-4
87,10212-0020-1
89,20113-0023-1
90,20113-0023-2
91,20113-0023-3
93,10742-0008-1
94,10742-0008-2
95,17099-0008-1
97,10212-1005-1
98,10801-0034-1
99,10801-0034-2
100,23922-0009-1
101,23922-0009-2
102,10212-1005-2
105,24109-0005-1
111,10212-1019-1
116,10112-0003-1
117,24109-0005-2
118,10211-0003-1
119,10211-0003-2
120,10801-0030-1
121,10793-0001-1
122,11042-0007-1
124,11042-0007-3
125,11042-0007-2
127,10501-0003-2
128,10301-0008-1
129,10301-0008-2
131,10501-0003-3
132,11043-1001-1
133,11043-1001-4
134,11043-1001-2
135,11043-1001-3
136,19202-0003-1
140,10309-1004-1
141,10309-1001-1
143,10212-0020-2
145,19202-0003-2
146,19202-0003-3
147,20114-1005-1
148,10501-0003-1
149,10309-1001-2
150,17099-0007-1
151,17099-0007-2
152,11011-0004-1
153,11011-0004-2
154,11011-0004-3
155,10420-1015-2
156,22199-0041-1
157,32301-0006-1
158,10502-0006-1
159,10502-0006-2
